EXAMPLE_ID,RANK_1,RANK_2,RANK_3,RANK_4,RANK_5
valid_0001,DEPOSIT METAL SEED,DEPOSIT TUNGSTEN SEED,DEVELOP PHOTORESIST,SOFT BAKE,SPIN COAT PHOTORESIST
valid_0002,CLEAN PAD OPENING,CLEAN AFTER METAL ETCH,CLEAN AFTER VIA ETCH,CLEAN AFTER ETCH,CLEAN AFTER POLY ETCH
valid_0003,MEASURE VIA CD,DEPOSIT BARRIER METAL,DEVELOP PHOTORESIST,SOFT BAKE,SPIN COAT PHOTORESIST
valid_0004,PASSIVATION ETCH,PASSIVATION ETCH PAD OPENING,METAL PATTERN INSPECTION,INSPECT PATTERN LEVEL 1,POLY PATTERN INSPECTION
valid_0005,MEASURE VIA CD,DEPOSIT BARRIER METAL,DEVELOP PHOTORESIST,SOFT BAKE,SPIN COAT PHOTORESIST
valid_0006,PASSIVATION ETCH,PASSIVATION ETCH PAD OPENING,DEVELOP PHOTORESIST,SOFT BAKE,SPIN COAT PHOTORESIST
valid_0007,MEASURE VIA CD,DEPOSIT BARRIER METAL,DEVELOP PHOTORESIST,SOFT BAKE,SPIN COAT PHOTORESIST
valid_0008,PASSIVATION ETCH,PASSIVATION ETCH PAD OPENING,METAL PATTERN INSPECTION,INSPECT PATTERN LEVEL 1,POLY PATTERN INSPECTION
valid_0009,MEASURE VIA CD,DEPOSIT BARRIER METAL,DEVELOP PHOTORESIST,SOFT BAKE,SPIN COAT PHOTORESIST
valid_0010,STRIP RESIST,STRIP PHOTORESIST,DEVELOP PHOTORESIST,SOFT BAKE,SPIN COAT PHOTORESIST
valid_0011,MEASURE VIA CD,DEPOSIT BARRIER METAL,DEVELOP PHOTORESIST,SOFT BAKE,SPIN COAT PHOTORESIST
valid_0012,PASSIVATION ETCH PAD OPENING,PASSIVATION ETCH,METAL PATTERN INSPECTION,INSPECT PATTERN LEVEL 1,POLY PATTERN INSPECTION
valid_0013,MEASURE VIA CD,DEPOSIT BARRIER METAL,DEVELOP PHOTORESIST,SOFT BAKE,SPIN COAT PHOTORESIST
valid_0014,STRIP PHOTORESIST,STRIP RESIST,DEVELOP PHOTORESIST,SOFT BAKE,SPIN COAT PHOTORESIST
valid_0015,MEASURE VIA CD,DEPOSIT BARRIER METAL,DEVELOP PHOTORESIST,SOFT BAKE,SPIN COAT PHOTORESIST
valid_0016,STRIP RESIST,STRIP PHOTORESIST,DEVELOP PHOTORESIST,SOFT BAKE,SPIN COAT PHOTORESIST
valid_0017,CLEAN AFTER VIA ETCH,CLEAN AFTER METAL ETCH,CLEAN PAD OPENING,CLEAN AFTER ETCH,CLEAN AFTER POLY ETCH
valid_0018,PASSIVATION ETCH PAD OPENING,PASSIVATION ETCH,METAL PATTERN INSPECTION,INSPECT PATTERN LEVEL 1,POLY PATTERN INSPECTION
valid_0019,DEPOSIT BARRIER METAL,DEVELOP PHOTORESIST,SOFT BAKE,SPIN COAT PHOTORESIST,STRIP RESIST
valid_0020,STRIP RESIST,STRIP PHOTORESIST,DEVELOP PHOTORESIST,SOFT BAKE,SPIN COAT PHOTORESIST
valid_0021,CLEAN AFTER VIA ETCH,CLEAN AFTER METAL ETCH,CLEAN PAD OPENING,CLEAN AFTER ETCH,CLEAN AFTER POLY ETCH
valid_0022,DEVELOP PAD WINDOW,DEVELOP PHOTORESIST,SOFT BAKE,SPIN COAT PHOTORESIST,STRIP RESIST
valid_0023,CLEAN AFTER VIA ETCH,CLEAN AFTER POLY ETCH,CLEAN PAD OPENING,CLEAN AFTER METAL ETCH,CLEAN AFTER ETCH
valid_0024,PASSIVATION ETCH,PASSIVATION ETCH PAD OPENING,DEVELOP PHOTORESIST,SOFT BAKE,SPIN COAT PHOTORESIST
valid_0025,CLEAN AFTER VIA ETCH,CLEAN AFTER POLY ETCH,CLEAN PAD OPENING,CLEAN AFTER METAL ETCH,CLEAN AFTER ETCH
valid_0026,DEVELOP PHOTORESIST,DEVELOP PAD WINDOW,SOFT BAKE,SPIN COAT PHOTORESIST,STRIP RESIST
valid_0027,STRIP PHOTORESIST,STRIP RESIST,DEVELOP PHOTORESIST,SOFT BAKE,SPIN COAT PHOTORESIST
valid_0028,OPEN PAD WINDOW LITHO,PAD WINDOW LITHO,DEVELOP PHOTORESIST,SOFT BAKE,SPIN COAT PHOTORESIST
valid_0029,STRIP RESIST,STRIP PHOTORESIST,DEVELOP PHOTORESIST,SOFT BAKE,SPIN COAT PHOTORESIST
valid_0030,DEVELOP PHOTORESIST,DEVELOP PAD WINDOW,SOFT BAKE,SPIN COAT PHOTORESIST,STRIP RESIST
valid_0031,MEASURE VIA CD,DEPOSIT BARRIER METAL,DEVELOP PHOTORESIST,SOFT BAKE,SPIN COAT PHOTORESIST
valid_0032,STRIP RESIST,STRIP PHOTORESIST,DEVELOP PHOTORESIST,SOFT BAKE,SPIN COAT PHOTORESIST
valid_0033,FILL VIA METAL,DEVELOP PHOTORESIST,SOFT BAKE,SPIN COAT PHOTORESIST,STRIP RESIST
valid_0034,STRIP PHOTORESIST,STRIP RESIST,DEVELOP PHOTORESIST,SOFT BAKE,SPIN COAT PHOTORESIST
valid_0035,DEPOSIT BARRIER METAL,DEVELOP PHOTORESIST,SOFT BAKE,SPIN COAT PHOTORESIST,STRIP RESIST
valid_0036,CLEAN PAD OPENING,CLEAN AFTER METAL ETCH,CLEAN AFTER VIA ETCH,CLEAN AFTER ETCH,CLEAN AFTER POLY ETCH
valid_0037,MEASURE VIA CD,DEPOSIT BARRIER METAL,DEVELOP PHOTORESIST,SOFT BAKE,SPIN COAT PHOTORESIST
valid_0038,STRIP RESIST,STRIP PHOTORESIST,DEVELOP PHOTORESIST,SOFT BAKE,SPIN COAT PHOTORESIST
valid_0039,CMP VIA FILL,CMP METAL,DEVELOP PHOTORESIST,SOFT BAKE,SPIN COAT PHOTORESIST
valid_0040,MEASURE PAD OPENING,DEVELOP PHOTORESIST,SOFT BAKE,SPIN COAT PHOTORESIST,STRIP RESIST
valid_0041,MEASURE VIA CD,DEPOSIT BARRIER METAL,DEVELOP PHOTORESIST,SOFT BAKE,SPIN COAT PHOTORESIST
valid_0042,DEVELOP PAD WINDOW,DEVELOP PHOTORESIST,SOFT BAKE,SPIN COAT PHOTORESIST,STRIP RESIST
valid_0043,MEASURE VIA CD,DEPOSIT BARRIER METAL,DEVELOP PHOTORESIST,SOFT BAKE,SPIN COAT PHOTORESIST
valid_0044,PASSIVATION ETCH PAD OPENING,PASSIVATION ETCH,METAL PATTERN INSPECTION,INSPECT PATTERN LEVEL 1,POLY PATTERN INSPECTION
valid_0045,MEASURE VIA CD,DEPOSIT BARRIER METAL,DEVELOP PHOTORESIST,SOFT BAKE,SPIN COAT PHOTORESIST
valid_0046,PASSIVATION ETCH PAD OPENING,PASSIVATION ETCH,DEVELOP PHOTORESIST,SOFT BAKE,SPIN COAT PHOTORESIST
valid_0047,DEPOSIT TUNGSTEN SEED,DEPOSIT METAL SEED,DEVELOP PHOTORESIST,SOFT BAKE,SPIN COAT PHOTORESIST
valid_0048,STRIP RESIST,STRIP PHOTORESIST,DEVELOP PHOTORESIST,SOFT BAKE,SPIN COAT PHOTORESIST
valid_0049,DEPOSIT BARRIER METAL,DEVELOP PHOTORESIST,SOFT BAKE,SPIN COAT PHOTORESIST,STRIP RESIST
valid_0050,PASSIVATION ETCH PAD OPENING,PASSIVATION ETCH,DEVELOP PHOTORESIST,SOFT BAKE,SPIN COAT PHOTORESIST
valid_0051,DEPOSIT BARRIER METAL,DEVELOP PHOTORESIST,SOFT BAKE,SPIN COAT PHOTORESIST,STRIP RESIST
valid_0052,STRIP PHOTORESIST,STRIP RESIST,DEVELOP PHOTORESIST,SOFT BAKE,SPIN COAT PHOTORESIST
valid_0053,CLEAN AFTER VIA ETCH,CLEAN AFTER POLY ETCH,CLEAN PAD OPENING,CLEAN AFTER METAL ETCH,CLEAN AFTER ETCH
valid_0054,PASSIVATION ETCH PAD OPENING,PASSIVATION ETCH,DEVELOP PHOTORESIST,SOFT BAKE,SPIN COAT PHOTORESIST
valid_0055,DEPOSIT TUNGSTEN SEED,DEPOSIT METAL SEED,DEVELOP PHOTORESIST,SOFT BAKE,SPIN COAT PHOTORESIST
valid_0056,CLEAN PAD OPENING,CLEAN AFTER METAL ETCH,CLEAN AFTER VIA ETCH,CLEAN AFTER ETCH,CLEAN AFTER POLY ETCH
valid_0057,STRIP RESIST,STRIP PHOTORESIST,DEVELOP PHOTORESIST,SOFT BAKE,SPIN COAT PHOTORESIST
valid_0058,STRIP RESIST,STRIP PHOTORESIST,DEVELOP PHOTORESIST,SOFT BAKE,SPIN COAT PHOTORESIST
valid_0059,MEASURE VIA CD,DEPOSIT BARRIER METAL,DEVELOP PHOTORESIST,SOFT BAKE,SPIN COAT PHOTORESIST
valid_0060,PASSIVATION ETCH PAD OPENING,PASSIVATION ETCH,DEVELOP PHOTORESIST,SOFT BAKE,SPIN COAT PHOTORESIST
valid_0061,DEPOSIT BARRIER METAL,DEVELOP PHOTORESIST,SOFT BAKE,SPIN COAT PHOTORESIST,STRIP RESIST
valid_0062,DEVELOP PHOTORESIST,DEVELOP PAD WINDOW,SOFT BAKE,SPIN COAT PHOTORESIST,STRIP RESIST
valid_0063,STRIP RESIST,STRIP PHOTORESIST,DEVELOP PHOTORESIST,SOFT BAKE,SPIN COAT PHOTORESIST
valid_0064,DEVELOP PHOTORESIST,DEVELOP PAD WINDOW,SOFT BAKE,SPIN COAT PHOTORESIST,STRIP RESIST
valid_0065,MEASURE VIA CD,DEPOSIT BARRIER METAL,DEVELOP PHOTORESIST,SOFT BAKE,SPIN COAT PHOTORESIST
valid_0066,PASSIVATION ETCH,PASSIVATION ETCH PAD OPENING,METAL PATTERN INSPECTION,INSPECT PATTERN LEVEL 1,POLY PATTERN INSPECTION
valid_0067,CLEAN AFTER VIA ETCH,CLEAN AFTER POLY ETCH,CLEAN PAD OPENING,CLEAN AFTER METAL ETCH,CLEAN AFTER ETCH
valid_0068,STRIP PHOTORESIST,STRIP RESIST,DEVELOP PHOTORESIST,SOFT BAKE,SPIN COAT PHOTORESIST
valid_0069,CLEAN AFTER VIA ETCH,CLEAN AFTER METAL ETCH,CLEAN PAD OPENING,CLEAN AFTER ETCH,CLEAN AFTER POLY ETCH
valid_0070,PASSIVATION ETCH PAD OPENING,PASSIVATION ETCH,DEVELOP PHOTORESIST,SOFT BAKE,SPIN COAT PHOTORESIST
valid_0071,CLEAN AFTER VIA ETCH,CLEAN AFTER POLY ETCH,CLEAN PAD OPENING,CLEAN AFTER METAL ETCH,CLEAN AFTER ETCH
valid_0072,PASSIVATION ETCH PAD OPENING,PASSIVATION ETCH,DEVELOP PHOTORESIST,SOFT BAKE,SPIN COAT PHOTORESIST
valid_0073,MEASURE VIA CD,DEPOSIT BARRIER METAL,DEVELOP PHOTORESIST,SOFT BAKE,SPIN COAT PHOTORESIST
valid_0074,STRIP PHOTORESIST,STRIP RESIST,DEVELOP PHOTORESIST,SOFT BAKE,SPIN COAT PHOTORESIST
valid_0075,MEASURE VIA CD,DEPOSIT BARRIER METAL,DEVELOP PHOTORESIST,SOFT BAKE,SPIN COAT PHOTORESIST
valid_0076,PASSIVATION ETCH,PASSIVATION ETCH PAD OPENING,DEVELOP PHOTORESIST,SOFT BAKE,SPIN COAT PHOTORESIST
valid_0077,CLEAN AFTER VIA ETCH,CLEAN AFTER METAL ETCH,CLEAN PAD OPENING,CLEAN AFTER ETCH,CLEAN AFTER POLY ETCH
valid_0078,STRIP RESIST,STRIP PHOTORESIST,DEVELOP PHOTORESIST,SOFT BAKE,SPIN COAT PHOTORESIST
valid_0079,MEASURE VIA CD,DEPOSIT BARRIER METAL,DEVELOP PHOTORESIST,SOFT BAKE,SPIN COAT PHOTORESIST
valid_0080,STRIP RESIST,STRIP PHOTORESIST,DEVELOP PHOTORESIST,SOFT BAKE,SPIN COAT PHOTORESIST
valid_0081,DEPOSIT BARRIER METAL,DEVELOP PHOTORESIST,SOFT BAKE,SPIN COAT PHOTORESIST,STRIP RESIST
valid_0082,STRIP PHOTORESIST,STRIP RESIST,DEVELOP PHOTORESIST,SOFT BAKE,SPIN COAT PHOTORESIST
valid_0083,STRIP PHOTORESIST,STRIP RESIST,DEVELOP PHOTORESIST,SOFT BAKE,SPIN COAT PHOTORESIST
valid_0084,PASSIVATION ETCH,PASSIVATION ETCH PAD OPENING,DEVELOP PHOTORESIST,SOFT BAKE,SPIN COAT PHOTORESIST
valid_0085,MEASURE VIA CD,DEPOSIT BARRIER METAL,DEVELOP PHOTORESIST,SOFT BAKE,SPIN COAT PHOTORESIST
valid_0086,CLEAN PAD OPENING,CLEAN AFTER POLY ETCH,CLEAN AFTER VIA ETCH,CLEAN AFTER METAL ETCH,CLEAN AFTER ETCH
valid_0087,VIA ETCH THROUGH DIELECTRIC,HARD BAKE,VIA ETCH,DIELECTRIC ETCH VIA,DEVELOP PHOTORESIST
valid_0088,PAD WINDOW LITHO,OPEN PAD WINDOW LITHO,DEVELOP PHOTORESIST,SOFT BAKE,SPIN COAT PHOTORESIST
valid_0089,CLEAN AFTER VIA ETCH,CLEAN AFTER POLY ETCH,CLEAN PAD OPENING,CLEAN AFTER METAL ETCH,CLEAN AFTER ETCH
valid_0090,STRIP PHOTORESIST,STRIP RESIST,DEVELOP PHOTORESIST,SOFT BAKE,SPIN COAT PHOTORESIST
valid_0091,MEASURE VIA CD,DEPOSIT BARRIER METAL,DEVELOP PHOTORESIST,SOFT BAKE,SPIN COAT PHOTORESIST
valid_0092,DEVELOP PAD WINDOW,DEVELOP PHOTORESIST,SOFT BAKE,SPIN COAT PHOTORESIST,STRIP RESIST
valid_0093,STRIP RESIST,STRIP PHOTORESIST,DEVELOP PHOTORESIST,SOFT BAKE,SPIN COAT PHOTORESIST
valid_0094,STRIP PHOTORESIST,STRIP RESIST,DEVELOP PHOTORESIST,SOFT BAKE,SPIN COAT PHOTORESIST
valid_0095,MEASURE VIA CD,DEPOSIT BARRIER METAL,DEVELOP PHOTORESIST,SOFT BAKE,SPIN COAT PHOTORESIST
valid_0096,STRIP PHOTORESIST,STRIP RESIST,DEVELOP PHOTORESIST,SOFT BAKE,SPIN COAT PHOTORESIST
valid_0097,CLEAN AFTER VIA ETCH,CLEAN AFTER METAL ETCH,CLEAN PAD OPENING,CLEAN AFTER ETCH,CLEAN AFTER POLY ETCH
valid_0098,PASSIVATION ETCH PAD OPENING,PASSIVATION ETCH,DEVELOP PHOTORESIST,SOFT BAKE,SPIN COAT PHOTORESIST
valid_0099,FILL VIA METAL,DEVELOP PHOTORESIST,SOFT BAKE,SPIN COAT PHOTORESIST,STRIP RESIST
valid_0100,CLEAN PAD OPENING,CLEAN AFTER POLY ETCH,CLEAN AFTER VIA ETCH,CLEAN AFTER METAL ETCH,CLEAN AFTER ETCH
valid_0101,CLEAN AFTER VIA ETCH,CLEAN AFTER POLY ETCH,CLEAN PAD OPENING,CLEAN AFTER METAL ETCH,CLEAN AFTER ETCH
valid_0102,STRIP RESIST,STRIP PHOTORESIST,DEVELOP PHOTORESIST,SOFT BAKE,SPIN COAT PHOTORESIST
valid_0103,DEPOSIT BARRIER METAL,DEVELOP PHOTORESIST,SOFT BAKE,SPIN COAT PHOTORESIST,STRIP RESIST
valid_0104,PASSIVATION ETCH PAD OPENING,PASSIVATION ETCH,METAL PATTERN INSPECTION,INSPECT PATTERN LEVEL 1,POLY PATTERN INSPECTION
valid_0105,DEPOSIT BARRIER METAL,DEVELOP PHOTORESIST,SOFT BAKE,SPIN COAT PHOTORESIST,STRIP RESIST
valid_0106,STRIP PHOTORESIST,STRIP RESIST,DEVELOP PHOTORESIST,SOFT BAKE,SPIN COAT PHOTORESIST
valid_0107,DEPOSIT TUNGSTEN SEED,DEPOSIT METAL SEED,DEVELOP PHOTORESIST,SOFT BAKE,SPIN COAT PHOTORESIST
valid_0108,PASSIVATION ETCH PAD OPENING,PASSIVATION ETCH,DEVELOP PHOTORESIST,SOFT BAKE,SPIN COAT PHOTORESIST
valid_0109,CLEAN AFTER VIA ETCH,CLEAN AFTER METAL ETCH,CLEAN PAD OPENING,CLEAN AFTER ETCH,CLEAN AFTER POLY ETCH
valid_0110,DEVELOP PAD WINDOW,DEVELOP PHOTORESIST,SOFT BAKE,SPIN COAT PHOTORESIST,STRIP RESIST
valid_0111,CLEAN AFTER VIA ETCH,CLEAN AFTER METAL ETCH,CLEAN PAD OPENING,CLEAN AFTER ETCH,CLEAN AFTER POLY ETCH
valid_0112,STRIP RESIST,STRIP PHOTORESIST,DEVELOP PHOTORESIST,SOFT BAKE,SPIN COAT PHOTORESIST
valid_0113,MEASURE VIA CD,DEPOSIT BARRIER METAL,DEVELOP PHOTORESIST,SOFT BAKE,SPIN COAT PHOTORESIST
valid_0114,CLEAN PAD OPENING,CLEAN AFTER METAL ETCH,CLEAN AFTER VIA ETCH,CLEAN AFTER ETCH,CLEAN AFTER POLY ETCH
valid_0115,MEASURE VIA CD,DEPOSIT BARRIER METAL,DEVELOP PHOTORESIST,SOFT BAKE,SPIN COAT PHOTORESIST
valid_0116,STRIP PHOTORESIST,STRIP RESIST,DEVELOP PHOTORESIST,SOFT BAKE,SPIN COAT PHOTORESIST
valid_0117,CLEAN AFTER VIA ETCH,CLEAN AFTER POLY ETCH,CLEAN PAD OPENING,CLEAN AFTER METAL ETCH,CLEAN AFTER ETCH
valid_0118,PASSIVATION ETCH,PASSIVATION ETCH PAD OPENING,DEVELOP PHOTORESIST,SOFT BAKE,SPIN COAT PHOTORESIST
valid_0119,DEPOSIT BARRIER METAL,DEVELOP PHOTORESIST,SOFT BAKE,SPIN COAT PHOTORESIST,STRIP RESIST
valid_0120,CLEAN PAD OPENING,CLEAN AFTER POLY ETCH,CLEAN AFTER VIA ETCH,CLEAN AFTER METAL ETCH,CLEAN AFTER ETCH
valid_0121,MEASURE VIA CD,DEPOSIT BARRIER METAL,DEVELOP PHOTORESIST,SOFT BAKE,SPIN COAT PHOTORESIST
valid_0122,PASSIVATION ETCH PAD OPENING,PASSIVATION ETCH,DEVELOP PHOTORESIST,SOFT BAKE,SPIN COAT PHOTORESIST
valid_0123,FILL VIA METAL,DEVELOP PHOTORESIST,SOFT BAKE,SPIN COAT PHOTORESIST,STRIP RESIST
valid_0124,CLEAN PAD OPENING,CLEAN AFTER METAL ETCH,CLEAN AFTER VIA ETCH,CLEAN AFTER ETCH,CLEAN AFTER POLY ETCH
valid_0125,MEASURE VIA CD,DEPOSIT BARRIER METAL,DEVELOP PHOTORESIST,SOFT BAKE,SPIN COAT PHOTORESIST
valid_0126,STRIP PHOTORESIST,STRIP RESIST,DEVELOP PHOTORESIST,SOFT BAKE,SPIN COAT PHOTORESIST
valid_0127,CLEAN AFTER VIA ETCH,CLEAN AFTER METAL ETCH,CLEAN PAD OPENING,CLEAN AFTER ETCH,CLEAN AFTER POLY ETCH
valid_0128,STRIP PHOTORESIST,STRIP RESIST,DEVELOP PHOTORESIST,SOFT BAKE,SPIN COAT PHOTORESIST
valid_0129,HARD BAKE,VIA ETCH THROUGH DIELECTRIC,DIELECTRIC ETCH VIA,VIA ETCH,DEVELOP PHOTORESIST
valid_0130,DEVELOP PAD WINDOW,DEVELOP PHOTORESIST,SOFT BAKE,SPIN COAT PHOTORESIST,STRIP RESIST
valid_0131,DEPOSIT TUNGSTEN SEED,DEPOSIT METAL SEED,DEVELOP PHOTORESIST,SOFT BAKE,SPIN COAT PHOTORESIST
valid_0132,CLEAN PAD OPENING,CLEAN AFTER METAL ETCH,CLEAN AFTER VIA ETCH,CLEAN AFTER ETCH,CLEAN AFTER POLY ETCH
valid_0133,DEPOSIT METAL SEED,DEPOSIT TUNGSTEN SEED,DEVELOP PHOTORESIST,SOFT BAKE,SPIN COAT PHOTORESIST
valid_0134,CLEAN PAD OPENING,CLEAN AFTER METAL ETCH,CLEAN AFTER VIA ETCH,CLEAN AFTER ETCH,CLEAN AFTER POLY ETCH
valid_0135,DEPOSIT TUNGSTEN SEED,DEPOSIT METAL SEED,DEVELOP PHOTORESIST,SOFT BAKE,SPIN COAT PHOTORESIST
valid_0136,CLEAN PAD OPENING,CLEAN AFTER POLY ETCH,CLEAN AFTER VIA ETCH,CLEAN AFTER METAL ETCH,CLEAN AFTER ETCH
valid_0137,MEASURE VIA CD,DEPOSIT BARRIER METAL,DEVELOP PHOTORESIST,SOFT BAKE,SPIN COAT PHOTORESIST
valid_0138,PASSIVATION ETCH,PASSIVATION ETCH PAD OPENING,DEVELOP PHOTORESIST,SOFT BAKE,SPIN COAT PHOTORESIST
valid_0139,CLEAN AFTER VIA ETCH,CLEAN AFTER POLY ETCH,CLEAN PAD OPENING,CLEAN AFTER METAL ETCH,CLEAN AFTER ETCH
valid_0140,STRIP RESIST,STRIP PHOTORESIST,DEVELOP PHOTORESIST,SOFT BAKE,SPIN COAT PHOTORESIST
valid_0141,DEPOSIT BARRIER METAL,DEVELOP PHOTORESIST,SOFT BAKE,SPIN COAT PHOTORESIST,STRIP RESIST
valid_0142,STRIP RESIST,STRIP PHOTORESIST,DEVELOP PHOTORESIST,SOFT BAKE,SPIN COAT PHOTORESIST
valid_0143,DEPOSIT TUNGSTEN SEED,DEPOSIT METAL SEED,DEVELOP PHOTORESIST,SOFT BAKE,SPIN COAT PHOTORESIST
valid_0144,PASSIVATION ETCH PAD OPENING,PASSIVATION ETCH,METAL PATTERN INSPECTION,INSPECT PATTERN LEVEL 1,POLY PATTERN INSPECTION
valid_0145,MEASURE VIA CD,DEPOSIT BARRIER METAL,DEVELOP PHOTORESIST,SOFT BAKE,SPIN COAT PHOTORESIST
valid_0146,PASSIVATION ETCH PAD OPENING,PASSIVATION ETCH,METAL PATTERN INSPECTION,INSPECT PATTERN LEVEL 1,POLY PATTERN INSPECTION
valid_0147,MEASURE VIA CD,DEPOSIT BARRIER METAL,DEVELOP PHOTORESIST,SOFT BAKE,SPIN COAT PHOTORESIST
valid_0148,STRIP PHOTORESIST,STRIP RESIST,DEVELOP PHOTORESIST,SOFT BAKE,SPIN COAT PHOTORESIST
valid_0149,MEASURE VIA CD,DEPOSIT BARRIER METAL,DEVELOP PHOTORESIST,SOFT BAKE,SPIN COAT PHOTORESIST
valid_0150,STRIP PHOTORESIST,STRIP RESIST,DEVELOP PHOTORESIST,SOFT BAKE,SPIN COAT PHOTORESIST
valid_0151,MEASURE VIA CD,DEPOSIT BARRIER METAL,DEVELOP PHOTORESIST,SOFT BAKE,SPIN COAT PHOTORESIST
valid_0152,DEVELOP PHOTORESIST,DEVELOP PAD WINDOW,SOFT BAKE,SPIN COAT PHOTORESIST,STRIP RESIST
valid_0153,MEASURE VIA CD,DEPOSIT BARRIER METAL,DEVELOP PHOTORESIST,SOFT BAKE,SPIN COAT PHOTORESIST
valid_0154,DEVELOP PHOTORESIST,DEVELOP PAD WINDOW,SOFT BAKE,SPIN COAT PHOTORESIST,STRIP RESIST
valid_0155,CLEAN AFTER VIA ETCH,CLEAN AFTER POLY ETCH,CLEAN PAD OPENING,CLEAN AFTER METAL ETCH,CLEAN AFTER ETCH
valid_0156,STRIP PHOTORESIST,STRIP RESIST,DEVELOP PHOTORESIST,SOFT BAKE,SPIN COAT PHOTORESIST
valid_0157,DEPOSIT BARRIER METAL,DEVELOP PHOTORESIST,SOFT BAKE,SPIN COAT PHOTORESIST,STRIP RESIST
valid_0158,PASSIVATION ETCH,PASSIVATION ETCH PAD OPENING,DEVELOP PHOTORESIST,SOFT BAKE,SPIN COAT PHOTORESIST
valid_0159,MEASURE VIA CD,DEPOSIT BARRIER METAL,DEVELOP PHOTORESIST,SOFT BAKE,SPIN COAT PHOTORESIST
valid_0160,STRIP RESIST,STRIP PHOTORESIST,DEVELOP PHOTORESIST,SOFT BAKE,SPIN COAT PHOTORESIST
valid_0161,STRIP RESIST,STRIP PHOTORESIST,DEVELOP PHOTORESIST,SOFT BAKE,SPIN COAT PHOTORESIST
valid_0162,DEVELOP PAD WINDOW,DEVELOP PHOTORESIST,SOFT BAKE,SPIN COAT PHOTORESIST,STRIP RESIST
valid_0163,MEASURE VIA CD,DEPOSIT BARRIER METAL,DEVELOP PHOTORESIST,SOFT BAKE,SPIN COAT PHOTORESIST
valid_0164,STRIP RESIST,STRIP PHOTORESIST,DEVELOP PHOTORESIST,SOFT BAKE,SPIN COAT PHOTORESIST
valid_0165,MEASURE VIA CD,DEPOSIT BARRIER METAL,DEVELOP PHOTORESIST,SOFT BAKE,SPIN COAT PHOTORESIST
valid_0166,STRIP RESIST,STRIP PHOTORESIST,DEVELOP PHOTORESIST,SOFT BAKE,SPIN COAT PHOTORESIST
valid_0167,DEPOSIT BARRIER METAL,DEVELOP PHOTORESIST,SOFT BAKE,SPIN COAT PHOTORESIST,STRIP RESIST
valid_0168,CLEAN PAD OPENING,CLEAN AFTER POLY ETCH,CLEAN AFTER VIA ETCH,CLEAN AFTER METAL ETCH,CLEAN AFTER ETCH
valid_0169,STRIP PHOTORESIST,STRIP RESIST,DEVELOP PHOTORESIST,SOFT BAKE,SPIN COAT PHOTORESIST
valid_0170,STRIP RESIST,STRIP PHOTORESIST,DEVELOP PHOTORESIST,SOFT BAKE,SPIN COAT PHOTORESIST
valid_0171,DEPOSIT METAL SEED,DEPOSIT TUNGSTEN SEED,DEVELOP PHOTORESIST,SOFT BAKE,SPIN COAT PHOTORESIST
valid_0172,STRIP RESIST,STRIP PHOTORESIST,DEVELOP PHOTORESIST,SOFT BAKE,SPIN COAT PHOTORESIST
valid_0173,MEASURE VIA CD,DEPOSIT BARRIER METAL,DEVELOP PHOTORESIST,SOFT BAKE,SPIN COAT PHOTORESIST
valid_0174,PASSIVATION ETCH,PASSIVATION ETCH PAD OPENING,METAL PATTERN INSPECTION,INSPECT PATTERN LEVEL 1,POLY PATTERN INSPECTION
valid_0175,MEASURE VIA CD,DEPOSIT BARRIER METAL,DEVELOP PHOTORESIST,SOFT BAKE,SPIN COAT PHOTORESIST
valid_0176,STRIP RESIST,STRIP PHOTORESIST,DEVELOP PHOTORESIST,SOFT BAKE,SPIN COAT PHOTORESIST
valid_0177,DEPOSIT TUNGSTEN SEED,DEPOSIT METAL SEED,DEVELOP PHOTORESIST,SOFT BAKE,SPIN COAT PHOTORESIST
valid_0178,STRIP PHOTORESIST,STRIP RESIST,DEVELOP PHOTORESIST,SOFT BAKE,SPIN COAT PHOTORESIST
valid_0179,FILL VIA METAL,DEVELOP PHOTORESIST,SOFT BAKE,SPIN COAT PHOTORESIST,STRIP RESIST
valid_0180,MEASURE PAD OPENING,DEVELOP PHOTORESIST,SOFT BAKE,SPIN COAT PHOTORESIST,STRIP RESIST
valid_0181,STRIP RESIST,STRIP PHOTORESIST,DEVELOP PHOTORESIST,SOFT BAKE,SPIN COAT PHOTORESIST
valid_0182,DEVELOP PAD WINDOW,DEVELOP PHOTORESIST,SOFT BAKE,SPIN COAT PHOTORESIST,STRIP RESIST
valid_0183,DEPOSIT BARRIER METAL,DEVELOP PHOTORESIST,SOFT BAKE,SPIN COAT PHOTORESIST,STRIP RESIST
valid_0184,STRIP PHOTORESIST,STRIP RESIST,DEVELOP PHOTORESIST,SOFT BAKE,SPIN COAT PHOTORESIST
valid_0185,DEPOSIT BARRIER METAL,DEVELOP PHOTORESIST,SOFT BAKE,SPIN COAT PHOTORESIST,STRIP RESIST
valid_0186,STRIP RESIST,STRIP PHOTORESIST,DEVELOP PHOTORESIST,SOFT BAKE,SPIN COAT PHOTORESIST
valid_0187,STRIP PHOTORESIST,STRIP RESIST,DEVELOP PHOTORESIST,SOFT BAKE,SPIN COAT PHOTORESIST
valid_0188,STRIP PHOTORESIST,STRIP RESIST,DEVELOP PHOTORESIST,SOFT BAKE,SPIN COAT PHOTORESIST
valid_0189,MEASURE VIA CD,DEPOSIT BARRIER METAL,DEVELOP PHOTORESIST,SOFT BAKE,SPIN COAT PHOTORESIST
valid_0190,PASSIVATION ETCH PAD OPENING,PASSIVATION ETCH,DEVELOP PHOTORESIST,SOFT BAKE,SPIN COAT PHOTORESIST
valid_0191,VIA ETCH THROUGH DIELECTRIC,VIA ETCH,DIELECTRIC ETCH VIA,OXIDE ETCH DRY,POLYSILICON ETCH DRY
valid_0192,STRIP PHOTORESIST,STRIP RESIST,DEVELOP PHOTORESIST,SOFT BAKE,SPIN COAT PHOTORESIST
valid_0193,CLEAN AFTER VIA ETCH,CLEAN AFTER METAL ETCH,CLEAN PAD OPENING,CLEAN AFTER ETCH,CLEAN AFTER POLY ETCH
valid_0194,PASSIVATION ETCH,PASSIVATION ETCH PAD OPENING,METAL PATTERN INSPECTION,INSPECT PATTERN LEVEL 1,POLY PATTERN INSPECTION
valid_0195,MEASURE VIA CD,DEPOSIT BARRIER METAL,DEVELOP PHOTORESIST,SOFT BAKE,SPIN COAT PHOTORESIST
valid_0196,CLEAN PAD OPENING,CLEAN AFTER POLY ETCH,CLEAN AFTER VIA ETCH,CLEAN AFTER METAL ETCH,CLEAN AFTER ETCH
valid_0197,STRIP PHOTORESIST,STRIP RESIST,DEVELOP PHOTORESIST,SOFT BAKE,SPIN COAT PHOTORESIST
valid_0198,STRIP PHOTORESIST,STRIP RESIST,DEVELOP PHOTORESIST,SOFT BAKE,SPIN COAT PHOTORESIST
valid_0199,MEASURE VIA CD,DEPOSIT BARRIER METAL,DEVELOP PHOTORESIST,SOFT BAKE,SPIN COAT PHOTORESIST
valid_0200,STRIP PHOTORESIST,STRIP RESIST,DEVELOP PHOTORESIST,SOFT BAKE,SPIN COAT PHOTORESIST
valid_0201,CMP INTERLAYER DIELECTRIC,CMP DIELECTRIC,SPIN COAT PHOTORESIST,DEVELOP PHOTORESIST,SOFT BAKE
valid_0202,DEPOSIT PASSIVATION,DEPOSIT PASSIVATION LAYER,DEVELOP PHOTORESIST,SOFT BAKE,SPIN COAT PHOTORESIST
valid_0203,SPIN COAT PHOTORESIST,DEVELOP PHOTORESIST,SOFT BAKE,STRIP RESIST,STRIP PHOTORESIST
valid_0204,DEPOSIT PASSIVATION LAYER,DEPOSIT PASSIVATION,DEVELOP PHOTORESIST,SOFT BAKE,SPIN COAT PHOTORESIST
valid_0205,SPIN COAT PHOTORESIST,DEVELOP PHOTORESIST,SOFT BAKE,STRIP RESIST,STRIP PHOTORESIST
valid_0206,CURE PASSIVATION,DEVELOP PHOTORESIST,SOFT BAKE,SPIN COAT PHOTORESIST,STRIP RESIST
valid_0207,CMP INTERLAYER DIELECTRIC,CMP DIELECTRIC,DEVELOP PHOTORESIST,SOFT BAKE,SPIN COAT PHOTORESIST
valid_0208,DEPOSIT PASSIVATION LAYER,DEPOSIT PASSIVATION,DEVELOP PHOTORESIST,SOFT BAKE,SPIN COAT PHOTORESIST
valid_0209,CMP DIELECTRIC,CMP INTERLAYER DIELECTRIC,SPIN COAT PHOTORESIST,DEVELOP PHOTORESIST,SOFT BAKE
valid_0210,DEPOSIT PASSIVATION,DEPOSIT PASSIVATION LAYER,DEVELOP PHOTORESIST,SOFT BAKE,SPIN COAT PHOTORESIST
valid_0211,MEASURE SURFACE PLANARITY,MEASURE PLANARITY,DEVELOP PHOTORESIST,SOFT BAKE,SPIN COAT PHOTORESIST
valid_0212,DEPOSIT PASSIVATION,DEPOSIT PASSIVATION LAYER,DEVELOP PHOTORESIST,SOFT BAKE,SPIN COAT PHOTORESIST
valid_0213,SPIN COAT PHOTORESIST,DEVELOP PHOTORESIST,SOFT BAKE,STRIP RESIST,STRIP PHOTORESIST
valid_0214,CURE PASSIVATION,DEVELOP PHOTORESIST,SOFT BAKE,SPIN COAT PHOTORESIST,STRIP RESIST
valid_0215,MEASURE PLANARITY,MEASURE SURFACE PLANARITY,DEVELOP PHOTORESIST,SOFT BAKE,SPIN COAT PHOTORESIST
valid_0216,MEASURE PASSIVATION THICKNESS,MEASURE PASSIVATION QUALITY,DEVELOP PHOTORESIST,SOFT BAKE,SPIN COAT PHOTORESIST
valid_0217,CMP INTERLAYER DIELECTRIC,CMP DIELECTRIC,DEVELOP PHOTORESIST,SOFT BAKE,SPIN COAT PHOTORESIST
valid_0218,MEASURE LINE WIDTH,DEPOSIT PASSIVATION LAYER,DEPOSIT PASSIVATION,DEVELOP PHOTORESIST,SOFT BAKE
valid_0219,SOFT BAKE,DEVELOP PHOTORESIST,SPIN COAT PHOTORESIST,STRIP RESIST,STRIP PHOTORESIST
valid_0220,MEASURE PASSIVATION QUALITY,MEASURE PASSIVATION THICKNESS,DEVELOP PHOTORESIST,SOFT BAKE,SPIN COAT PHOTORESIST
valid_0221,MEASURE SURFACE PLANARITY,MEASURE PLANARITY,DEVELOP PHOTORESIST,SOFT BAKE,SPIN COAT PHOTORESIST
valid_0222,MEASURE PASSIVATION THICKNESS,MEASURE PASSIVATION QUALITY,DEVELOP PHOTORESIST,SOFT BAKE,SPIN COAT PHOTORESIST
valid_0223,MEASURE PLANARITY,MEASURE SURFACE PLANARITY,DEVELOP PHOTORESIST,SOFT BAKE,SPIN COAT PHOTORESIST
valid_0224,CURE PASSIVATION,DEVELOP PHOTORESIST,SOFT BAKE,SPIN COAT PHOTORESIST,STRIP RESIST
valid_0225,SPIN COAT PHOTORESIST,DEVELOP PHOTORESIST,SOFT BAKE,STRIP RESIST,STRIP PHOTORESIST
valid_0226,CURE PASSIVATION,DEVELOP PHOTORESIST,SOFT BAKE,SPIN COAT PHOTORESIST,STRIP RESIST
valid_0227,MEASURE FILM THICKNESS,MEASURE DIELECTRIC THICKNESS,SPIN COAT PHOTORESIST,DEVELOP PHOTORESIST,SOFT BAKE
valid_0228,DEPOSIT PASSIVATION,DEPOSIT PASSIVATION LAYER,DEVELOP PHOTORESIST,SOFT BAKE,SPIN COAT PHOTORESIST
valid_0229,SPIN COAT PHOTORESIST,DEVELOP PHOTORESIST,SOFT BAKE,STRIP RESIST,STRIP PHOTORESIST
valid_0230,CURE PASSIVATION,DEVELOP PHOTORESIST,SOFT BAKE,SPIN COAT PHOTORESIST,STRIP RESIST
valid_0231,DENSIFY DIELECTRIC,DENSIFY OXIDE,DEVELOP PHOTORESIST,SOFT BAKE,SPIN COAT PHOTORESIST
valid_0232,MEASURE LINE WIDTH,DEPOSIT PASSIVATION,DEPOSIT PASSIVATION LAYER,DEVELOP PHOTORESIST,SOFT BAKE
valid_0233,SOFT BAKE,DEVELOP PHOTORESIST,SPIN COAT PHOTORESIST,STRIP RESIST,STRIP PHOTORESIST
valid_0234,CURE PASSIVATION,DEVELOP PHOTORESIST,SOFT BAKE,SPIN COAT PHOTORESIST,STRIP RESIST
valid_0235,CMP INTERLAYER DIELECTRIC,CMP DIELECTRIC,DEVELOP PHOTORESIST,SOFT BAKE,SPIN COAT PHOTORESIST
valid_0236,MEASURE LINE WIDTH,DEPOSIT PASSIVATION,DEPOSIT PASSIVATION LAYER,DEVELOP PHOTORESIST,SOFT BAKE
valid_0237,SPIN COAT PHOTORESIST,DEVELOP PHOTORESIST,SOFT BAKE,STRIP RESIST,STRIP PHOTORESIST
valid_0238,CURE PASSIVATION,DEVELOP PHOTORESIST,SOFT BAKE,SPIN COAT PHOTORESIST,STRIP RESIST
valid_0239,MEASURE PLANARITY,MEASURE SURFACE PLANARITY,DEVELOP PHOTORESIST,SOFT BAKE,SPIN COAT PHOTORESIST
valid_0240,CURE PASSIVATION,DEVELOP PHOTORESIST,SOFT BAKE,SPIN COAT PHOTORESIST,STRIP RESIST
valid_0241,MEASURE FILM THICKNESS,MEASURE DIELECTRIC THICKNESS,DEVELOP PHOTORESIST,SOFT BAKE,SPIN COAT PHOTORESIST
valid_0242,CURE PASSIVATION,DEVELOP PHOTORESIST,SOFT BAKE,SPIN COAT PHOTORESIST,STRIP RESIST
valid_0243,CMP INTERLAYER DIELECTRIC,CMP DIELECTRIC,DEVELOP PHOTORESIST,SOFT BAKE,SPIN COAT PHOTORESIST
valid_0244,MEASURE LINE WIDTH,DEPOSIT PASSIVATION LAYER,DEPOSIT PASSIVATION,DEVELOP PHOTORESIST,SOFT BAKE
valid_0245,SPIN COAT PHOTORESIST,DEVELOP PHOTORESIST,SOFT BAKE,STRIP RESIST,STRIP PHOTORESIST
valid_0246,MEASURE PASSIVATION THICKNESS,MEASURE PASSIVATION QUALITY,DEVELOP PHOTORESIST,SOFT BAKE,SPIN COAT PHOTORESIST
valid_0247,SPIN COAT PHOTORESIST,DEVELOP PHOTORESIST,SOFT BAKE,STRIP RESIST,STRIP PHOTORESIST
valid_0248,CURE PASSIVATION,DEVELOP PHOTORESIST,SOFT BAKE,SPIN COAT PHOTORESIST,STRIP RESIST
valid_0249,SOFT BAKE,DEVELOP PHOTORESIST,SPIN COAT PHOTORESIST,STRIP RESIST,STRIP PHOTORESIST
valid_0250,CURE PASSIVATION,DEVELOP PHOTORESIST,SOFT BAKE,SPIN COAT PHOTORESIST,STRIP RESIST
valid_0251,MEASURE PLANARITY,MEASURE SURFACE PLANARITY,DEVELOP PHOTORESIST,SOFT BAKE,SPIN COAT PHOTORESIST
valid_0252,MEASURE PASSIVATION QUALITY,MEASURE PASSIVATION THICKNESS,DEVELOP PHOTORESIST,SOFT BAKE,SPIN COAT PHOTORESIST
valid_0253,SPIN COAT PHOTORESIST,DEVELOP PHOTORESIST,SOFT BAKE,STRIP RESIST,STRIP PHOTORESIST
valid_0254,MEASURE PASSIVATION QUALITY,MEASURE PASSIVATION THICKNESS,DEVELOP PHOTORESIST,SOFT BAKE,SPIN COAT PHOTORESIST
valid_0255,MEASURE SURFACE PLANARITY,MEASURE PLANARITY,DEVELOP PHOTORESIST,SOFT BAKE,SPIN COAT PHOTORESIST
valid_0256,MEASURE PASSIVATION THICKNESS,MEASURE PASSIVATION QUALITY,DEVELOP PHOTORESIST,SOFT BAKE,SPIN COAT PHOTORESIST
valid_0257,SPIN COAT PHOTORESIST,DEVELOP PHOTORESIST,SOFT BAKE,STRIP RESIST,STRIP PHOTORESIST
valid_0258,CURE PASSIVATION,DEVELOP PHOTORESIST,SOFT BAKE,SPIN COAT PHOTORESIST,STRIP RESIST
valid_0259,MEASURE PLANARITY,MEASURE SURFACE PLANARITY,DEVELOP PHOTORESIST,SOFT BAKE,SPIN COAT PHOTORESIST
valid_0260,CURE PASSIVATION,DEVELOP PHOTORESIST,SOFT BAKE,SPIN COAT PHOTORESIST,STRIP RESIST
valid_0261,MEASURE PLANARITY,MEASURE SURFACE PLANARITY,DEVELOP PHOTORESIST,SOFT BAKE,SPIN COAT PHOTORESIST
valid_0262,CURE PASSIVATION,DEVELOP PHOTORESIST,SOFT BAKE,SPIN COAT PHOTORESIST,STRIP RESIST
valid_0263,CMP DIELECTRIC,CMP INTERLAYER DIELECTRIC,DEVELOP PHOTORESIST,SOFT BAKE,SPIN COAT PHOTORESIST
valid_0264,CURE PASSIVATION,DEVELOP PHOTORESIST,SOFT BAKE,SPIN COAT PHOTORESIST,STRIP RESIST
valid_0265,MEASURE FILM THICKNESS,MEASURE DIELECTRIC THICKNESS,SPIN COAT PHOTORESIST,DEVELOP PHOTORESIST,SOFT BAKE
valid_0266,CURE PASSIVATION,DEVELOP PHOTORESIST,SOFT BAKE,SPIN COAT PHOTORESIST,STRIP RESIST
valid_0267,SOFT BAKE,DEVELOP PHOTORESIST,SPIN COAT PHOTORESIST,STRIP RESIST,STRIP PHOTORESIST
valid_0268,CURE PASSIVATION,DEVELOP PHOTORESIST,SOFT BAKE,SPIN COAT PHOTORESIST,STRIP RESIST
valid_0269,SPIN COAT PHOTORESIST,DEVELOP PHOTORESIST,SOFT BAKE,STRIP RESIST,STRIP PHOTORESIST
valid_0270,MEASURE PASSIVATION QUALITY,MEASURE PASSIVATION THICKNESS,DEVELOP PHOTORESIST,SOFT BAKE,SPIN COAT PHOTORESIST
valid_0271,MEASURE SURFACE PLANARITY,MEASURE PLANARITY,DEVELOP PHOTORESIST,SOFT BAKE,SPIN COAT PHOTORESIST
valid_0272,CURE PASSIVATION,DEVELOP PHOTORESIST,SOFT BAKE,SPIN COAT PHOTORESIST,STRIP RESIST
valid_0273,MEASURE FILM THICKNESS,MEASURE DIELECTRIC THICKNESS,SPIN COAT PHOTORESIST,DEVELOP PHOTORESIST,SOFT BAKE
valid_0274,DEPOSIT PASSIVATION LAYER,DEPOSIT PASSIVATION,DEVELOP PHOTORESIST,SOFT BAKE,SPIN COAT PHOTORESIST
valid_0275,SPIN COAT PHOTORESIST,DEVELOP PHOTORESIST,SOFT BAKE,STRIP RESIST,STRIP PHOTORESIST
valid_0276,CURE PASSIVATION,DEVELOP PHOTORESIST,SOFT BAKE,SPIN COAT PHOTORESIST,STRIP RESIST
valid_0277,SPIN COAT PHOTORESIST,DEVELOP PHOTORESIST,SOFT BAKE,STRIP RESIST,STRIP PHOTORESIST
valid_0278,MEASURE PASSIVATION THICKNESS,MEASURE PASSIVATION QUALITY,DEVELOP PHOTORESIST,SOFT BAKE,SPIN COAT PHOTORESIST
valid_0279,SPIN COAT PHOTORESIST,DEVELOP PHOTORESIST,SOFT BAKE,STRIP RESIST,STRIP PHOTORESIST
valid_0280,CURE PASSIVATION,DEVELOP PHOTORESIST,SOFT BAKE,SPIN COAT PHOTORESIST,STRIP RESIST
valid_0281,DENSIFY OXIDE,DENSIFY DIELECTRIC,DEVELOP PHOTORESIST,SOFT BAKE,SPIN COAT PHOTORESIST
valid_0282,CLEAN AFTER METAL ETCH,CLEAN AFTER POLY ETCH,CLEAN PAD OPENING,CLEAN AFTER VIA ETCH,CLEAN AFTER ETCH
valid_0283,MEASURE SURFACE PLANARITY,MEASURE PLANARITY,DEVELOP PHOTORESIST,SOFT BAKE,SPIN COAT PHOTORESIST
valid_0284,CURE PASSIVATION,DEVELOP PHOTORESIST,SOFT BAKE,SPIN COAT PHOTORESIST,STRIP RESIST
valid_0285,MEASURE FILM THICKNESS,MEASURE DIELECTRIC THICKNESS,SPIN COAT PHOTORESIST,DEVELOP PHOTORESIST,SOFT BAKE
valid_0286,DEPOSIT PASSIVATION,DEPOSIT PASSIVATION LAYER,DEVELOP PHOTORESIST,SOFT BAKE,SPIN COAT PHOTORESIST
valid_0287,EXPOSE LITHO LEVEL 5,DEVELOP PHOTORESIST,SOFT BAKE,SPIN COAT PHOTORESIST,STRIP RESIST
valid_0288,MEASURE PASSIVATION QUALITY,MEASURE PASSIVATION THICKNESS,DEVELOP PHOTORESIST,SOFT BAKE,SPIN COAT PHOTORESIST
valid_0289,SPIN COAT PHOTORESIST,DEVELOP PHOTORESIST,SOFT BAKE,STRIP RESIST,STRIP PHOTORESIST
valid_0290,DEPOSIT PASSIVATION,DEPOSIT PASSIVATION LAYER,DEVELOP PHOTORESIST,SOFT BAKE,SPIN COAT PHOTORESIST
valid_0291,SPIN COAT PHOTORESIST,DEVELOP PHOTORESIST,SOFT BAKE,STRIP RESIST,STRIP PHOTORESIST
valid_0292,CURE PASSIVATION,DEVELOP PHOTORESIST,SOFT BAKE,SPIN COAT PHOTORESIST,STRIP RESIST
valid_0293,SPIN COAT PHOTORESIST,DEVELOP PHOTORESIST,SOFT BAKE,STRIP RESIST,STRIP PHOTORESIST
valid_0294,DEPOSIT PASSIVATION,DEPOSIT PASSIVATION LAYER,DEVELOP PHOTORESIST,SOFT BAKE,SPIN COAT PHOTORESIST
valid_0295,MEASURE SURFACE PLANARITY,MEASURE PLANARITY,DEVELOP PHOTORESIST,SOFT BAKE,SPIN COAT PHOTORESIST
valid_0296,CURE PASSIVATION,DEVELOP PHOTORESIST,SOFT BAKE,SPIN COAT PHOTORESIST,STRIP RESIST
valid_0297,MEASURE DIELECTRIC THICKNESS,MEASURE FILM THICKNESS,DEVELOP PHOTORESIST,SOFT BAKE,SPIN COAT PHOTORESIST
valid_0298,MEASURE LINE WIDTH,DEPOSIT PASSIVATION,DEPOSIT PASSIVATION LAYER,DEVELOP PHOTORESIST,SOFT BAKE
valid_0299,MEASURE PLANARITY,MEASURE SURFACE PLANARITY,DEVELOP PHOTORESIST,SOFT BAKE,SPIN COAT PHOTORESIST
valid_0300,CURE PASSIVATION,DEVELOP PHOTORESIST,SOFT BAKE,SPIN COAT PHOTORESIST,STRIP RESIST
valid_0301,MEASURE PLANARITY,MEASURE SURFACE PLANARITY,DEVELOP PHOTORESIST,SOFT BAKE,SPIN COAT PHOTORESIST
valid_0302,CURE PASSIVATION,DEVELOP PHOTORESIST,SOFT BAKE,SPIN COAT PHOTORESIST,STRIP RESIST
valid_0303,MEASURE DIELECTRIC THICKNESS,MEASURE FILM THICKNESS,DEVELOP PHOTORESIST,SOFT BAKE,SPIN COAT PHOTORESIST
valid_0304,MEASURE LINE WIDTH,DEPOSIT PASSIVATION,DEPOSIT PASSIVATION LAYER,DEVELOP PHOTORESIST,SOFT BAKE
valid_0305,SPIN COAT PHOTORESIST,DEVELOP PHOTORESIST,SOFT BAKE,STRIP RESIST,STRIP PHOTORESIST
valid_0306,MEASURE PASSIVATION THICKNESS,MEASURE PASSIVATION QUALITY,DEVELOP PHOTORESIST,SOFT BAKE,SPIN COAT PHOTORESIST
valid_0307,MEASURE SURFACE PLANARITY,MEASURE PLANARITY,DEVELOP PHOTORESIST,SOFT BAKE,SPIN COAT PHOTORESIST
valid_0308,CURE PASSIVATION,DEVELOP PHOTORESIST,SOFT BAKE,SPIN COAT PHOTORESIST,STRIP RESIST
valid_0309,SPIN COAT PHOTORESIST,DEVELOP PHOTORESIST,SOFT BAKE,STRIP RESIST,STRIP PHOTORESIST
valid_0310,CURE PASSIVATION,DEVELOP PHOTORESIST,SOFT BAKE,SPIN COAT PHOTORESIST,STRIP RESIST
valid_0311,MEASURE PLANARITY,MEASURE SURFACE PLANARITY,DEVELOP PHOTORESIST,SOFT BAKE,SPIN COAT PHOTORESIST
valid_0312,CURE PASSIVATION,DEVELOP PHOTORESIST,SOFT BAKE,SPIN COAT PHOTORESIST,STRIP RESIST
valid_0313,CMP DIELECTRIC,CMP INTERLAYER DIELECTRIC,SPIN COAT PHOTORESIST,DEVELOP PHOTORESIST,SOFT BAKE
valid_0314,DEPOSIT PASSIVATION,DEPOSIT PASSIVATION LAYER,DEVELOP PHOTORESIST,SOFT BAKE,SPIN COAT PHOTORESIST
valid_0315,SPIN COAT PHOTORESIST,DEVELOP PHOTORESIST,SOFT BAKE,STRIP RESIST,STRIP PHOTORESIST
valid_0316,MEASURE LINE WIDTH,DEPOSIT PASSIVATION LAYER,DEPOSIT PASSIVATION,DEVELOP PHOTORESIST,SOFT BAKE
valid_0317,MEASURE DIELECTRIC THICKNESS,MEASURE FILM THICKNESS,SPIN COAT PHOTORESIST,DEVELOP PHOTORESIST,SOFT BAKE
valid_0318,MEASURE PASSIVATION QUALITY,MEASURE PASSIVATION THICKNESS,DEVELOP PHOTORESIST,SOFT BAKE,SPIN COAT PHOTORESIST
valid_0319,MEASURE PLANARITY,MEASURE SURFACE PLANARITY,DEVELOP PHOTORESIST,SOFT BAKE,SPIN COAT PHOTORESIST
valid_0320,CURE PASSIVATION,DEVELOP PHOTORESIST,SOFT BAKE,SPIN COAT PHOTORESIST,STRIP RESIST
valid_0321,SPIN COAT PHOTORESIST,DEVELOP PHOTORESIST,SOFT BAKE,STRIP RESIST,STRIP PHOTORESIST
valid_0322,CURE PASSIVATION,DEVELOP PHOTORESIST,SOFT BAKE,SPIN COAT PHOTORESIST,STRIP RESIST
valid_0323,SOFT BAKE,DEVELOP PHOTORESIST,SPIN COAT PHOTORESIST,STRIP RESIST,STRIP PHOTORESIST
valid_0324,OPEN BOND PAD WINDOW,OPEN PAD WINDOW,DEVELOP PHOTORESIST,SOFT BAKE,SPIN COAT PHOTORESIST
valid_0325,CMP INTERLAYER DIELECTRIC,CMP DIELECTRIC,SPIN COAT PHOTORESIST,DEVELOP PHOTORESIST,SOFT BAKE
valid_0326,DEPOSIT PASSIVATION,DEPOSIT PASSIVATION LAYER,DEVELOP PHOTORESIST,SOFT BAKE,SPIN COAT PHOTORESIST
valid_0327,SPIN COAT PHOTORESIST,DEVELOP PHOTORESIST,SOFT BAKE,STRIP RESIST,STRIP PHOTORESIST
valid_0328,CURE PASSIVATION,DEVELOP PHOTORESIST,SOFT BAKE,SPIN COAT PHOTORESIST,STRIP RESIST
valid_0329,MEASURE SURFACE PLANARITY,MEASURE PLANARITY,DEVELOP PHOTORESIST,SOFT BAKE,SPIN COAT PHOTORESIST
valid_0330,MEASURE PASSIVATION THICKNESS,MEASURE PASSIVATION QUALITY,DEVELOP PHOTORESIST,SOFT BAKE,SPIN COAT PHOTORESIST
valid_0331,MEASURE PLANARITY,MEASURE SURFACE PLANARITY,DEVELOP PHOTORESIST,SOFT BAKE,SPIN COAT PHOTORESIST
valid_0332,CURE PASSIVATION,DEVELOP PHOTORESIST,SOFT BAKE,SPIN COAT PHOTORESIST,STRIP RESIST
valid_0333,DENSIFY OXIDE,DENSIFY DIELECTRIC,DEVELOP PHOTORESIST,SOFT BAKE,SPIN COAT PHOTORESIST
valid_0334,MEASURE LINE WIDTH,DEPOSIT PASSIVATION LAYER,DEPOSIT PASSIVATION,DEVELOP PHOTORESIST,SOFT BAKE
valid_0335,CMP INTERLAYER DIELECTRIC,CMP DIELECTRIC,SPIN COAT PHOTORESIST,DEVELOP PHOTORESIST,SOFT BAKE
valid_0336,MEASURE PASSIVATION QUALITY,MEASURE PASSIVATION THICKNESS,DEVELOP PHOTORESIST,SOFT BAKE,SPIN COAT PHOTORESIST
valid_0337,CMP INTERLAYER DIELECTRIC,CMP DIELECTRIC,DEVELOP PHOTORESIST,SOFT BAKE,SPIN COAT PHOTORESIST
valid_0338,DEPOSIT PASSIVATION LAYER,DEPOSIT PASSIVATION,DEVELOP PHOTORESIST,SOFT BAKE,SPIN COAT PHOTORESIST
valid_0339,SOFT BAKE,DEVELOP PHOTORESIST,SPIN COAT PHOTORESIST,STRIP RESIST,STRIP PHOTORESIST
valid_0340,CURE PASSIVATION,DEVELOP PHOTORESIST,SOFT BAKE,SPIN COAT PHOTORESIST,STRIP RESIST
valid_0341,SPIN COAT PHOTORESIST,DEVELOP PHOTORESIST,SOFT BAKE,STRIP RESIST,STRIP PHOTORESIST
valid_0342,OPEN PAD WINDOW,OPEN BOND PAD WINDOW,DEVELOP PHOTORESIST,SOFT BAKE,SPIN COAT PHOTORESIST
valid_0343,SPIN COAT PHOTORESIST,DEVELOP PHOTORESIST,SOFT BAKE,STRIP RESIST,STRIP PHOTORESIST
valid_0344,MEASURE PASSIVATION THICKNESS,MEASURE PASSIVATION QUALITY,DEVELOP PHOTORESIST,SOFT BAKE,SPIN COAT PHOTORESIST
valid_0345,SPIN COAT PHOTORESIST,DEVELOP PHOTORESIST,SOFT BAKE,STRIP RESIST,STRIP PHOTORESIST
valid_0346,MEASURE PASSIVATION QUALITY,MEASURE PASSIVATION THICKNESS,DEVELOP PHOTORESIST,SOFT BAKE,SPIN COAT PHOTORESIST
valid_0347,CMP INTERLAYER DIELECTRIC,CMP DIELECTRIC,SPIN COAT PHOTORESIST,DEVELOP PHOTORESIST,SOFT BAKE
valid_0348,DEPOSIT PASSIVATION,DEPOSIT PASSIVATION LAYER,DEVELOP PHOTORESIST,SOFT BAKE,SPIN COAT PHOTORESIST
valid_0349,DEPOSIT INTERLEVEL DIELECTRIC,DEPOSIT INTERLAYER DIELECTRIC,DEVELOP PHOTORESIST,SOFT BAKE,SPIN COAT PHOTORESIST
valid_0350,CLEAN AFTER METAL ETCH,CLEAN AFTER VIA ETCH,CLEAN PAD OPENING,CLEAN AFTER ETCH,CLEAN AFTER POLY ETCH
valid_0351,CMP DIELECTRIC,CMP INTERLAYER DIELECTRIC,SPIN COAT PHOTORESIST,DEVELOP PHOTORESIST,SOFT BAKE
valid_0352,DEPOSIT PASSIVATION LAYER,DEPOSIT PASSIVATION,DEVELOP PHOTORESIST,SOFT BAKE,SPIN COAT PHOTORESIST
valid_0353,ALIGN MASK LEVEL 5,ALIGN MASK LEVEL 3,ALIGN MASK LEVEL 1,ALIGN MASK LEVEL 2,ALIGN MASK LEVEL 4
valid_0354,CURE PASSIVATION,DEVELOP PHOTORESIST,SOFT BAKE,SPIN COAT PHOTORESIST,STRIP RESIST
valid_0355,SPIN COAT PHOTORESIST,DEVELOP PHOTORESIST,SOFT BAKE,STRIP RESIST,STRIP PHOTORESIST
valid_0356,MEASURE LINE WIDTH,DEPOSIT PASSIVATION LAYER,DEPOSIT PASSIVATION,DEVELOP PHOTORESIST,SOFT BAKE
valid_0357,MEASURE PLANARITY,MEASURE SURFACE PLANARITY,DEVELOP PHOTORESIST,SOFT BAKE,SPIN COAT PHOTORESIST
valid_0358,CURE PASSIVATION,DEVELOP PHOTORESIST,SOFT BAKE,SPIN COAT PHOTORESIST,STRIP RESIST
valid_0359,SPIN COAT PHOTORESIST,DEVELOP PHOTORESIST,SOFT BAKE,STRIP RESIST,STRIP PHOTORESIST
valid_0360,CURE PASSIVATION,DEVELOP PHOTORESIST,SOFT BAKE,SPIN COAT PHOTORESIST,STRIP RESIST
valid_0361,SPIN COAT PHOTORESIST,DEVELOP PHOTORESIST,SOFT BAKE,STRIP RESIST,STRIP PHOTORESIST
valid_0362,CURE PASSIVATION,DEVELOP PHOTORESIST,SOFT BAKE,SPIN COAT PHOTORESIST,STRIP RESIST
valid_0363,MEASURE DIELECTRIC THICKNESS,MEASURE FILM THICKNESS,SPIN COAT PHOTORESIST,DEVELOP PHOTORESIST,SOFT BAKE
valid_0364,MEASURE LINE WIDTH,DEPOSIT PASSIVATION LAYER,DEPOSIT PASSIVATION,DEVELOP PHOTORESIST,SOFT BAKE
valid_0365,ALIGN MASK LEVEL 5,ALIGN MASK LEVEL 3,ALIGN MASK LEVEL 1,ALIGN MASK LEVEL 2,ALIGN MASK LEVEL 4
valid_0366,DEPOSIT PASSIVATION LAYER,DEPOSIT PASSIVATION,DEVELOP PHOTORESIST,SOFT BAKE,SPIN COAT PHOTORESIST
valid_0367,MEASURE SURFACE PLANARITY,MEASURE PLANARITY,DEVELOP PHOTORESIST,SOFT BAKE,SPIN COAT PHOTORESIST
valid_0368,MEASURE PASSIVATION QUALITY,MEASURE PASSIVATION THICKNESS,DEVELOP PHOTORESIST,SOFT BAKE,SPIN COAT PHOTORESIST
valid_0369,SPIN COAT PHOTORESIST,DEVELOP PHOTORESIST,SOFT BAKE,STRIP RESIST,STRIP PHOTORESIST
valid_0370,CURE PASSIVATION,DEVELOP PHOTORESIST,SOFT BAKE,SPIN COAT PHOTORESIST,STRIP RESIST
valid_0371,CMP DIELECTRIC,CMP INTERLAYER DIELECTRIC,SPIN COAT PHOTORESIST,DEVELOP PHOTORESIST,SOFT BAKE
valid_0372,DEPOSIT PASSIVATION LAYER,DEPOSIT PASSIVATION,DEVELOP PHOTORESIST,SOFT BAKE,SPIN COAT PHOTORESIST
valid_0373,SPIN COAT PHOTORESIST,DEVELOP PHOTORESIST,SOFT BAKE,STRIP RESIST,STRIP PHOTORESIST
valid_0374,CURE PASSIVATION,DEVELOP PHOTORESIST,SOFT BAKE,SPIN COAT PHOTORESIST,STRIP RESIST
valid_0375,MEASURE DEVICE PARAMETER,DEPOSIT INTERLAYER DIELECTRIC,DEPOSIT INTERLEVEL DIELECTRIC,MEASURE SHEET RESISTANCE,MEASURE JUNCTION DEPTH
valid_0376,CLEAN AFTER METAL ETCH,CLEAN AFTER POLY ETCH,CLEAN PAD OPENING,CLEAN AFTER VIA ETCH,CLEAN AFTER ETCH
valid_0377,CMP DIELECTRIC,CMP INTERLAYER DIELECTRIC,DEVELOP PHOTORESIST,SOFT BAKE,SPIN COAT PHOTORESIST
valid_0378,CURE PASSIVATION,DEVELOP PHOTORESIST,SOFT BAKE,SPIN COAT PHOTORESIST,STRIP RESIST
valid_0379,SPIN COAT PHOTORESIST,DEVELOP PHOTORESIST,SOFT BAKE,STRIP RESIST,STRIP PHOTORESIST
valid_0380,MEASURE PASSIVATION QUALITY,MEASURE PASSIVATION THICKNESS,DEVELOP PHOTORESIST,SOFT BAKE,SPIN COAT PHOTORESIST
valid_0381,MEASURE FILM THICKNESS,MEASURE DIELECTRIC THICKNESS,DEVELOP PHOTORESIST,SOFT BAKE,SPIN COAT PHOTORESIST
valid_0382,MEASURE LINE WIDTH,DEPOSIT PASSIVATION,DEPOSIT PASSIVATION LAYER,DEVELOP PHOTORESIST,SOFT BAKE
valid_0383,SOFT BAKE,DEVELOP PHOTORESIST,SPIN COAT PHOTORESIST,STRIP RESIST,STRIP PHOTORESIST
valid_0384,MEASURE PASSIVATION THICKNESS,MEASURE PASSIVATION QUALITY,DEVELOP PHOTORESIST,SOFT BAKE,SPIN COAT PHOTORESIST
valid_0385,MEASURE SURFACE PLANARITY,MEASURE PLANARITY,DEVELOP PHOTORESIST,SOFT BAKE,SPIN COAT PHOTORESIST
valid_0386,CURE PASSIVATION,DEVELOP PHOTORESIST,SOFT BAKE,SPIN COAT PHOTORESIST,STRIP RESIST
valid_0387,ALIGN MASK LEVEL 5,ALIGN MASK LEVEL 3,ALIGN MASK LEVEL 1,ALIGN MASK LEVEL 2,ALIGN MASK LEVEL 4
valid_0388,CURE PASSIVATION,DEVELOP PHOTORESIST,SOFT BAKE,SPIN COAT PHOTORESIST,STRIP RESIST
valid_0389,MEASURE PLANARITY,MEASURE SURFACE PLANARITY,DEVELOP PHOTORESIST,SOFT BAKE,SPIN COAT PHOTORESIST
valid_0390,CURE PASSIVATION,DEVELOP PHOTORESIST,SOFT BAKE,SPIN COAT PHOTORESIST,STRIP RESIST
valid_0391,SPIN COAT PHOTORESIST,DEVELOP PHOTORESIST,SOFT BAKE,STRIP RESIST,STRIP PHOTORESIST
valid_0392,DEPOSIT PASSIVATION,DEPOSIT PASSIVATION LAYER,DEVELOP PHOTORESIST,SOFT BAKE,SPIN COAT PHOTORESIST
valid_0393,MEASURE PLANARITY,MEASURE SURFACE PLANARITY,DEVELOP PHOTORESIST,SOFT BAKE,SPIN COAT PHOTORESIST
valid_0394,CURE PASSIVATION,DEVELOP PHOTORESIST,SOFT BAKE,SPIN COAT PHOTORESIST,STRIP RESIST
valid_0395,SPIN COAT PHOTORESIST,DEVELOP PHOTORESIST,SOFT BAKE,STRIP RESIST,STRIP PHOTORESIST
valid_0396,MEASURE PASSIVATION THICKNESS,MEASURE PASSIVATION QUALITY,DEVELOP PHOTORESIST,SOFT BAKE,SPIN COAT PHOTORESIST
valid_0397,CMP INTERLAYER DIELECTRIC,CMP DIELECTRIC,SPIN COAT PHOTORESIST,DEVELOP PHOTORESIST,SOFT BAKE
valid_0398,CURE PASSIVATION,DEVELOP PHOTORESIST,SOFT BAKE,SPIN COAT PHOTORESIST,STRIP RESIST
valid_0399,MEASURE SURFACE PLANARITY,MEASURE PLANARITY,DEVELOP PHOTORESIST,SOFT BAKE,SPIN COAT PHOTORESIST
valid_0400,DEPOSIT PASSIVATION,DEPOSIT PASSIVATION LAYER,DEVELOP PHOTORESIST,SOFT BAKE,SPIN COAT PHOTORESIST
valid_0401,DEPOSIT TUNGSTEN SEED,DEPOSIT METAL SEED,DEVELOP PHOTORESIST,SOFT BAKE,SPIN COAT PHOTORESIST
valid_0402,PASSIVATION ETCH,PASSIVATION ETCH PAD OPENING,METAL PATTERN INSPECTION,INSPECT PATTERN LEVEL 1,POLY PATTERN INSPECTION
valid_0403,MEASURE VIA CD,DEPOSIT BARRIER METAL,DEVELOP PHOTORESIST,SOFT BAKE,SPIN COAT PHOTORESIST
valid_0404,PASSIVATION ETCH,PASSIVATION ETCH PAD OPENING,METAL PATTERN INSPECTION,INSPECT PATTERN LEVEL 1,POLY PATTERN INSPECTION
valid_0405,MEASURE VIA CD,DEPOSIT BARRIER METAL,DEVELOP PHOTORESIST,SOFT BAKE,SPIN COAT PHOTORESIST
valid_0406,MEASURE PASSIVATION QUALITY,MEASURE PASSIVATION THICKNESS,DEVELOP PHOTORESIST,SOFT BAKE,SPIN COAT PHOTORESIST
valid_0407,STRIP PHOTORESIST,STRIP RESIST,DEVELOP PHOTORESIST,SOFT BAKE,SPIN COAT PHOTORESIST
valid_0408,MEASURE PASSIVATION QUALITY,MEASURE PASSIVATION THICKNESS,DEVELOP PHOTORESIST,SOFT BAKE,SPIN COAT PHOTORESIST
valid_0409,STRIP RESIST,STRIP PHOTORESIST,DEVELOP PHOTORESIST,SOFT BAKE,SPIN COAT PHOTORESIST
valid_0410,OPEN PAD WINDOW,OPEN BOND PAD WINDOW,DEVELOP PHOTORESIST,SOFT BAKE,SPIN COAT PHOTORESIST
valid_0411,CLEAN AFTER VIA ETCH,CLEAN AFTER METAL ETCH,CLEAN PAD OPENING,CLEAN AFTER ETCH,CLEAN AFTER POLY ETCH
valid_0412,OPEN PAD WINDOW,OPEN BOND PAD WINDOW,DEVELOP PHOTORESIST,SOFT BAKE,SPIN COAT PHOTORESIST
valid_0413,STRIP PHOTORESIST,STRIP RESIST,DEVELOP PHOTORESIST,SOFT BAKE,SPIN COAT PHOTORESIST
valid_0414,MEASURE PASSIVATION QUALITY,MEASURE PASSIVATION THICKNESS,DEVELOP PHOTORESIST,SOFT BAKE,SPIN COAT PHOTORESIST
valid_0415,CLEAN AFTER VIA ETCH,CLEAN AFTER POLY ETCH,CLEAN PAD OPENING,CLEAN AFTER METAL ETCH,CLEAN AFTER ETCH
valid_0416,DEVELOP PHOTORESIST,DEVELOP PAD WINDOW,SOFT BAKE,SPIN COAT PHOTORESIST,STRIP RESIST
valid_0417,CLEAN AFTER VIA ETCH,CLEAN AFTER POLY ETCH,CLEAN PAD OPENING,CLEAN AFTER METAL ETCH,CLEAN AFTER ETCH
valid_0418,PASSIVATION ETCH,PASSIVATION ETCH PAD OPENING,METAL PATTERN INSPECTION,INSPECT PATTERN LEVEL 1,POLY PATTERN INSPECTION
valid_0419,STRIP PHOTORESIST,STRIP RESIST,DEVELOP PHOTORESIST,SOFT BAKE,SPIN COAT PHOTORESIST
valid_0420,CURE PASSIVATION,DEVELOP PHOTORESIST,SOFT BAKE,SPIN COAT PHOTORESIST,STRIP RESIST
valid_0421,DEPOSIT TUNGSTEN SEED,DEPOSIT METAL SEED,DEVELOP PHOTORESIST,SOFT BAKE,SPIN COAT PHOTORESIST
valid_0422,PASSIVATION ETCH,PASSIVATION ETCH PAD OPENING,METAL PATTERN INSPECTION,INSPECT PATTERN LEVEL 1,POLY PATTERN INSPECTION
valid_0423,MEASURE VIA CD,DEPOSIT BARRIER METAL,DEVELOP PHOTORESIST,SOFT BAKE,SPIN COAT PHOTORESIST
valid_0424,OPEN PAD WINDOW,OPEN BOND PAD WINDOW,DEVELOP PHOTORESIST,SOFT BAKE,SPIN COAT PHOTORESIST
valid_0425,CLEAN AFTER VIA ETCH,CLEAN AFTER POLY ETCH,CLEAN PAD OPENING,CLEAN AFTER METAL ETCH,CLEAN AFTER ETCH
valid_0426,PAD WINDOW LITHO,OPEN PAD WINDOW LITHO,DEVELOP PHOTORESIST,SOFT BAKE,SPIN COAT PHOTORESIST
valid_0427,CLEAN AFTER VIA ETCH,CLEAN AFTER METAL ETCH,CLEAN PAD OPENING,CLEAN AFTER ETCH,CLEAN AFTER POLY ETCH
valid_0428,OPEN BOND PAD WINDOW,OPEN PAD WINDOW,DEVELOP PHOTORESIST,SOFT BAKE,SPIN COAT PHOTORESIST
valid_0429,STRIP PHOTORESIST,STRIP RESIST,DEVELOP PHOTORESIST,SOFT BAKE,SPIN COAT PHOTORESIST
valid_0430,OPEN PAD WINDOW LITHO,PAD WINDOW LITHO,DEVELOP PHOTORESIST,SOFT BAKE,SPIN COAT PHOTORESIST
valid_0431,MEASURE VIA CD,DEPOSIT BARRIER METAL,DEVELOP PHOTORESIST,SOFT BAKE,SPIN COAT PHOTORESIST
valid_0432,PAD WINDOW LITHO,OPEN PAD WINDOW LITHO,DEVELOP PHOTORESIST,SOFT BAKE,SPIN COAT PHOTORESIST
valid_0433,STRIP RESIST,STRIP PHOTORESIST,DEVELOP PHOTORESIST,SOFT BAKE,SPIN COAT PHOTORESIST
valid_0434,DEVELOP PHOTORESIST,DEVELOP PAD WINDOW,SOFT BAKE,SPIN COAT PHOTORESIST,STRIP RESIST
valid_0435,DEPOSIT BARRIER METAL,DEVELOP PHOTORESIST,SOFT BAKE,SPIN COAT PHOTORESIST,STRIP RESIST
valid_0436,OPEN PAD WINDOW LITHO,PAD WINDOW LITHO,DEVELOP PHOTORESIST,SOFT BAKE,SPIN COAT PHOTORESIST
valid_0437,CLEAN AFTER VIA ETCH,CLEAN AFTER METAL ETCH,CLEAN PAD OPENING,CLEAN AFTER ETCH,CLEAN AFTER POLY ETCH
valid_0438,OPEN PAD WINDOW LITHO,PAD WINDOW LITHO,DEVELOP PHOTORESIST,SOFT BAKE,SPIN COAT PHOTORESIST
valid_0439,CLEAN AFTER VIA ETCH,CLEAN AFTER METAL ETCH,CLEAN PAD OPENING,CLEAN AFTER ETCH,CLEAN AFTER POLY ETCH
valid_0440,OPEN PAD WINDOW LITHO,PAD WINDOW LITHO,DEVELOP PHOTORESIST,SOFT BAKE,SPIN COAT PHOTORESIST
valid_0441,STRIP RESIST,STRIP PHOTORESIST,DEVELOP PHOTORESIST,SOFT BAKE,SPIN COAT PHOTORESIST
valid_0442,OPEN BOND PAD WINDOW,OPEN PAD WINDOW,DEVELOP PHOTORESIST,SOFT BAKE,SPIN COAT PHOTORESIST
valid_0443,DEPOSIT BARRIER METAL,DEVELOP PHOTORESIST,SOFT BAKE,SPIN COAT PHOTORESIST,STRIP RESIST
valid_0444,OPEN PAD WINDOW,OPEN BOND PAD WINDOW,DEVELOP PHOTORESIST,SOFT BAKE,SPIN COAT PHOTORESIST
valid_0445,CLEAN AFTER VIA ETCH,CLEAN AFTER POLY ETCH,CLEAN PAD OPENING,CLEAN AFTER METAL ETCH,CLEAN AFTER ETCH
valid_0446,OPEN BOND PAD WINDOW,OPEN PAD WINDOW,DEVELOP PHOTORESIST,SOFT BAKE,SPIN COAT PHOTORESIST
valid_0447,CLEAN AFTER VIA ETCH,CLEAN AFTER METAL ETCH,CLEAN PAD OPENING,CLEAN AFTER ETCH,CLEAN AFTER POLY ETCH
valid_0448,DEVELOP PHOTORESIST,DEVELOP PAD WINDOW,SOFT BAKE,SPIN COAT PHOTORESIST,STRIP RESIST
valid_0449,CLEAN AFTER VIA ETCH,CLEAN AFTER POLY ETCH,CLEAN PAD OPENING,CLEAN AFTER METAL ETCH,CLEAN AFTER ETCH
valid_0450,PAD WINDOW LITHO,OPEN PAD WINDOW LITHO,DEVELOP PHOTORESIST,SOFT BAKE,SPIN COAT PHOTORESIST
valid_0451,MEASURE VIA CD,DEPOSIT BARRIER METAL,DEVELOP PHOTORESIST,SOFT BAKE,SPIN COAT PHOTORESIST
valid_0452,DEVELOP PHOTORESIST,DEVELOP PAD WINDOW,SOFT BAKE,SPIN COAT PHOTORESIST,STRIP RESIST
valid_0453,MEASURE VIA CD,DEPOSIT BARRIER METAL,DEVELOP PHOTORESIST,SOFT BAKE,SPIN COAT PHOTORESIST
valid_0454,PAD WINDOW LITHO,OPEN PAD WINDOW LITHO,DEVELOP PHOTORESIST,SOFT BAKE,SPIN COAT PHOTORESIST
valid_0455,DEPOSIT BARRIER METAL,DEVELOP PHOTORESIST,SOFT BAKE,SPIN COAT PHOTORESIST,STRIP RESIST
valid_0456,DEVELOP PAD WINDOW,DEVELOP PHOTORESIST,SOFT BAKE,SPIN COAT PHOTORESIST,STRIP RESIST
valid_0457,STRIP RESIST,STRIP PHOTORESIST,DEVELOP PHOTORESIST,SOFT BAKE,SPIN COAT PHOTORESIST
valid_0458,MEASURE PASSIVATION QUALITY,MEASURE PASSIVATION THICKNESS,DEVELOP PHOTORESIST,SOFT BAKE,SPIN COAT PHOTORESIST
valid_0459,HARD BAKE,VIA ETCH,DIELECTRIC ETCH VIA,VIA ETCH THROUGH DIELECTRIC,DEVELOP PHOTORESIST
valid_0460,MEASURE PASSIVATION THICKNESS,MEASURE PASSIVATION QUALITY,DEVELOP PHOTORESIST,SOFT BAKE,SPIN COAT PHOTORESIST
valid_0461,MEASURE VIA CD,DEPOSIT BARRIER METAL,DEVELOP PHOTORESIST,SOFT BAKE,SPIN COAT PHOTORESIST
valid_0462,PAD WINDOW LITHO,OPEN PAD WINDOW LITHO,DEVELOP PHOTORESIST,SOFT BAKE,SPIN COAT PHOTORESIST
valid_0463,MEASURE VIA CD,DEPOSIT BARRIER METAL,DEVELOP PHOTORESIST,SOFT BAKE,SPIN COAT PHOTORESIST
valid_0464,OPEN PAD WINDOW LITHO,PAD WINDOW LITHO,DEVELOP PHOTORESIST,SOFT BAKE,SPIN COAT PHOTORESIST
valid_0465,VIA ETCH,VIA ETCH THROUGH DIELECTRIC,HARD BAKE,DIELECTRIC ETCH VIA,DEVELOP PHOTORESIST
valid_0466,CURE PASSIVATION,DEVELOP PHOTORESIST,SOFT BAKE,SPIN COAT PHOTORESIST,STRIP RESIST
valid_0467,CLEAN AFTER VIA ETCH,CLEAN AFTER METAL ETCH,CLEAN PAD OPENING,CLEAN AFTER ETCH,CLEAN AFTER POLY ETCH
valid_0468,OPEN PAD WINDOW,OPEN BOND PAD WINDOW,DEVELOP PHOTORESIST,SOFT BAKE,SPIN COAT PHOTORESIST
valid_0469,CLEAN AFTER VIA ETCH,CLEAN AFTER METAL ETCH,CLEAN PAD OPENING,CLEAN AFTER ETCH,CLEAN AFTER POLY ETCH
valid_0470,OPEN BOND PAD WINDOW,OPEN PAD WINDOW,DEVELOP PHOTORESIST,SOFT BAKE,SPIN COAT PHOTORESIST
valid_0471,DEPOSIT BARRIER METAL,DEVELOP PHOTORESIST,SOFT BAKE,SPIN COAT PHOTORESIST,STRIP RESIST
valid_0472,PASSIVATION ETCH,PASSIVATION ETCH PAD OPENING,DEVELOP PHOTORESIST,SOFT BAKE,SPIN COAT PHOTORESIST
valid_0473,STRIP RESIST,STRIP PHOTORESIST,DEVELOP PHOTORESIST,SOFT BAKE,SPIN COAT PHOTORESIST
valid_0474,MEASURE PASSIVATION QUALITY,MEASURE PASSIVATION THICKNESS,DEVELOP PHOTORESIST,SOFT BAKE,SPIN COAT PHOTORESIST
valid_0475,VIA ETCH,DIELECTRIC ETCH VIA,VIA ETCH THROUGH DIELECTRIC,OXIDE ETCH DRY,POLYSILICON ETCH DRY
valid_0476,MEASURE PASSIVATION QUALITY,MEASURE PASSIVATION THICKNESS,DEVELOP PHOTORESIST,SOFT BAKE,SPIN COAT PHOTORESIST
valid_0477,CLEAN AFTER VIA ETCH,CLEAN AFTER METAL ETCH,CLEAN PAD OPENING,CLEAN AFTER ETCH,CLEAN AFTER POLY ETCH
valid_0478,OPEN BOND PAD WINDOW,OPEN PAD WINDOW,DEVELOP PHOTORESIST,SOFT BAKE,SPIN COAT PHOTORESIST
valid_0479,CLEAN AFTER VIA ETCH,CLEAN AFTER POLY ETCH,CLEAN PAD OPENING,CLEAN AFTER METAL ETCH,CLEAN AFTER ETCH
valid_0480,OPEN PAD WINDOW LITHO,PAD WINDOW LITHO,DEVELOP PHOTORESIST,SOFT BAKE,SPIN COAT PHOTORESIST
valid_0481,MEASURE VIA CD,DEPOSIT BARRIER METAL,DEVELOP PHOTORESIST,SOFT BAKE,SPIN COAT PHOTORESIST
valid_0482,OPEN PAD WINDOW,OPEN BOND PAD WINDOW,DEVELOP PHOTORESIST,SOFT BAKE,SPIN COAT PHOTORESIST
valid_0483,DEPOSIT TUNGSTEN SEED,DEPOSIT METAL SEED,DEVELOP PHOTORESIST,SOFT BAKE,SPIN COAT PHOTORESIST
valid_0484,DEVELOP PHOTORESIST,DEVELOP PAD WINDOW,SOFT BAKE,SPIN COAT PHOTORESIST,STRIP RESIST
valid_0485,DEPOSIT BARRIER METAL,DEVELOP PHOTORESIST,SOFT BAKE,SPIN COAT PHOTORESIST,STRIP RESIST
valid_0486,DEVELOP PHOTORESIST,DEVELOP PAD WINDOW,SOFT BAKE,SPIN COAT PHOTORESIST,STRIP RESIST
valid_0487,CLEAN AFTER VIA ETCH,CLEAN AFTER METAL ETCH,CLEAN PAD OPENING,CLEAN AFTER ETCH,CLEAN AFTER POLY ETCH
valid_0488,MEASURE PASSIVATION THICKNESS,MEASURE PASSIVATION QUALITY,DEVELOP PHOTORESIST,SOFT BAKE,SPIN COAT PHOTORESIST
valid_0489,CLEAN AFTER VIA ETCH,CLEAN AFTER METAL ETCH,CLEAN PAD OPENING,CLEAN AFTER ETCH,CLEAN AFTER POLY ETCH
valid_0490,OPEN PAD WINDOW,OPEN BOND PAD WINDOW,DEVELOP PHOTORESIST,SOFT BAKE,SPIN COAT PHOTORESIST
valid_0491,STRIP PHOTORESIST,STRIP RESIST,DEVELOP PHOTORESIST,SOFT BAKE,SPIN COAT PHOTORESIST
valid_0492,PAD WINDOW LITHO,OPEN PAD WINDOW LITHO,DEVELOP PHOTORESIST,SOFT BAKE,SPIN COAT PHOTORESIST
valid_0493,MEASURE VIA CD,DEPOSIT BARRIER METAL,DEVELOP PHOTORESIST,SOFT BAKE,SPIN COAT PHOTORESIST
valid_0494,OPEN PAD WINDOW LITHO,PAD WINDOW LITHO,DEVELOP PHOTORESIST,SOFT BAKE,SPIN COAT PHOTORESIST
valid_0495,CLEAN AFTER VIA ETCH,CLEAN AFTER POLY ETCH,CLEAN PAD OPENING,CLEAN AFTER METAL ETCH,CLEAN AFTER ETCH
valid_0496,MEASURE PASSIVATION THICKNESS,MEASURE PASSIVATION QUALITY,DEVELOP PHOTORESIST,SOFT BAKE,SPIN COAT PHOTORESIST
valid_0497,MEASURE VIA CD,DEPOSIT BARRIER METAL,DEVELOP PHOTORESIST,SOFT BAKE,SPIN COAT PHOTORESIST
valid_0498,DEVELOP PAD WINDOW,DEVELOP PHOTORESIST,SOFT BAKE,SPIN COAT PHOTORESIST,STRIP RESIST
valid_0499,CLEAN AFTER VIA ETCH,CLEAN AFTER POLY ETCH,CLEAN PAD OPENING,CLEAN AFTER METAL ETCH,CLEAN AFTER ETCH
valid_0500,OPEN PAD WINDOW LITHO,PAD WINDOW LITHO,DEVELOP PHOTORESIST,SOFT BAKE,SPIN COAT PHOTORESIST
valid_0501,CLEAN AFTER VIA ETCH,CLEAN AFTER METAL ETCH,CLEAN PAD OPENING,CLEAN AFTER ETCH,CLEAN AFTER POLY ETCH
valid_0502,PAD WINDOW LITHO,OPEN PAD WINDOW LITHO,DEVELOP PHOTORESIST,SOFT BAKE,SPIN COAT PHOTORESIST
valid_0503,DEPOSIT BARRIER METAL,DEVELOP PHOTORESIST,SOFT BAKE,SPIN COAT PHOTORESIST,STRIP RESIST
valid_0504,PASSIVATION ETCH,PASSIVATION ETCH PAD OPENING,METAL PATTERN INSPECTION,INSPECT PATTERN LEVEL 1,POLY PATTERN INSPECTION
valid_0505,STRIP PHOTORESIST,STRIP RESIST,DEVELOP PHOTORESIST,SOFT BAKE,SPIN COAT PHOTORESIST
valid_0506,CURE PASSIVATION,DEVELOP PHOTORESIST,SOFT BAKE,SPIN COAT PHOTORESIST,STRIP RESIST
valid_0507,STRIP RESIST,STRIP PHOTORESIST,DEVELOP PHOTORESIST,SOFT BAKE,SPIN COAT PHOTORESIST
valid_0508,DEVELOP PAD WINDOW,DEVELOP PHOTORESIST,SOFT BAKE,SPIN COAT PHOTORESIST,STRIP RESIST
valid_0509,CLEAN AFTER VIA ETCH,CLEAN AFTER POLY ETCH,CLEAN PAD OPENING,CLEAN AFTER METAL ETCH,CLEAN AFTER ETCH
valid_0510,MEASURE PASSIVATION QUALITY,MEASURE PASSIVATION THICKNESS,DEVELOP PHOTORESIST,SOFT BAKE,SPIN COAT PHOTORESIST
valid_0511,HARD BAKE,VIA ETCH THROUGH DIELECTRIC,DIELECTRIC ETCH VIA,VIA ETCH,DEVELOP PHOTORESIST
valid_0512,OPEN BOND PAD WINDOW,OPEN PAD WINDOW,DEVELOP PHOTORESIST,SOFT BAKE,SPIN COAT PHOTORESIST
valid_0513,MEASURE VIA CD,DEPOSIT BARRIER METAL,DEVELOP PHOTORESIST,SOFT BAKE,SPIN COAT PHOTORESIST
valid_0514,PAD WINDOW LITHO,OPEN PAD WINDOW LITHO,DEVELOP PHOTORESIST,SOFT BAKE,SPIN COAT PHOTORESIST
valid_0515,MEASURE VIA CD,DEPOSIT BARRIER METAL,DEVELOP PHOTORESIST,SOFT BAKE,SPIN COAT PHOTORESIST
valid_0516,OPEN PAD WINDOW LITHO,PAD WINDOW LITHO,DEVELOP PHOTORESIST,SOFT BAKE,SPIN COAT PHOTORESIST
valid_0517,MEASURE VIA CD,DEPOSIT BARRIER METAL,DEVELOP PHOTORESIST,SOFT BAKE,SPIN COAT PHOTORESIST
valid_0518,DEVELOP PAD WINDOW,DEVELOP PHOTORESIST,SOFT BAKE,SPIN COAT PHOTORESIST,STRIP RESIST
valid_0519,MEASURE VIA CD,DEPOSIT BARRIER METAL,DEVELOP PHOTORESIST,SOFT BAKE,SPIN COAT PHOTORESIST
valid_0520,OPEN PAD WINDOW LITHO,PAD WINDOW LITHO,DEVELOP PHOTORESIST,SOFT BAKE,SPIN COAT PHOTORESIST
valid_0521,MEASURE VIA CD,DEPOSIT BARRIER METAL,DEVELOP PHOTORESIST,SOFT BAKE,SPIN COAT PHOTORESIST
valid_0522,DEVELOP PHOTORESIST,DEVELOP PAD WINDOW,SOFT BAKE,SPIN COAT PHOTORESIST,STRIP RESIST
valid_0523,STRIP PHOTORESIST,STRIP RESIST,DEVELOP PHOTORESIST,SOFT BAKE,SPIN COAT PHOTORESIST
valid_0524,OPEN PAD WINDOW,OPEN BOND PAD WINDOW,DEVELOP PHOTORESIST,SOFT BAKE,SPIN COAT PHOTORESIST
valid_0525,MEASURE VIA CD,DEPOSIT BARRIER METAL,DEVELOP PHOTORESIST,SOFT BAKE,SPIN COAT PHOTORESIST
valid_0526,DEVELOP PHOTORESIST,DEVELOP PAD WINDOW,SOFT BAKE,SPIN COAT PHOTORESIST,STRIP RESIST
valid_0527,DEPOSIT BARRIER METAL,DEVELOP PHOTORESIST,SOFT BAKE,SPIN COAT PHOTORESIST,STRIP RESIST
valid_0528,OPEN PAD WINDOW LITHO,PAD WINDOW LITHO,DEVELOP PHOTORESIST,SOFT BAKE,SPIN COAT PHOTORESIST
valid_0529,CLEAN AFTER VIA ETCH,CLEAN AFTER POLY ETCH,CLEAN PAD OPENING,CLEAN AFTER METAL ETCH,CLEAN AFTER ETCH
valid_0530,CURE PASSIVATION,DEVELOP PHOTORESIST,SOFT BAKE,SPIN COAT PHOTORESIST,STRIP RESIST
valid_0531,DEPOSIT BARRIER METAL,DEVELOP PHOTORESIST,SOFT BAKE,SPIN COAT PHOTORESIST,STRIP RESIST
valid_0532,PASSIVATION ETCH PAD OPENING,PASSIVATION ETCH,METAL PATTERN INSPECTION,INSPECT PATTERN LEVEL 1,POLY PATTERN INSPECTION
valid_0533,DEPOSIT TUNGSTEN SEED,DEPOSIT METAL SEED,DEVELOP PHOTORESIST,SOFT BAKE,SPIN COAT PHOTORESIST
valid_0534,PASSIVATION ETCH,PASSIVATION ETCH PAD OPENING,METAL PATTERN INSPECTION,INSPECT PATTERN LEVEL 1,POLY PATTERN INSPECTION
valid_0535,DEPOSIT BARRIER METAL,DEVELOP PHOTORESIST,SOFT BAKE,SPIN COAT PHOTORESIST,STRIP RESIST
valid_0536,PASSIVATION ETCH,PASSIVATION ETCH PAD OPENING,DEVELOP PHOTORESIST,SOFT BAKE,SPIN COAT PHOTORESIST
valid_0537,MEASURE VIA CD,DEPOSIT BARRIER METAL,DEVELOP PHOTORESIST,SOFT BAKE,SPIN COAT PHOTORESIST
valid_0538,DEVELOP PAD WINDOW,DEVELOP PHOTORESIST,SOFT BAKE,SPIN COAT PHOTORESIST,STRIP RESIST
valid_0539,STRIP PHOTORESIST,STRIP RESIST,DEVELOP PHOTORESIST,SOFT BAKE,SPIN COAT PHOTORESIST
valid_0540,OPEN PAD WINDOW,OPEN BOND PAD WINDOW,DEVELOP PHOTORESIST,SOFT BAKE,SPIN COAT PHOTORESIST
valid_0541,STRIP RESIST,STRIP PHOTORESIST,DEVELOP PHOTORESIST,SOFT BAKE,SPIN COAT PHOTORESIST
valid_0542,OPEN PAD WINDOW,OPEN BOND PAD WINDOW,DEVELOP PHOTORESIST,SOFT BAKE,SPIN COAT PHOTORESIST
valid_0543,MEASURE VIA CD,DEPOSIT BARRIER METAL,DEVELOP PHOTORESIST,SOFT BAKE,SPIN COAT PHOTORESIST
valid_0544,OPEN BOND PAD WINDOW,OPEN PAD WINDOW,DEVELOP PHOTORESIST,SOFT BAKE,SPIN COAT PHOTORESIST
valid_0545,DEPOSIT BARRIER METAL,DEVELOP PHOTORESIST,SOFT BAKE,SPIN COAT PHOTORESIST,STRIP RESIST
valid_0546,DEVELOP PHOTORESIST,DEVELOP PAD WINDOW,SOFT BAKE,SPIN COAT PHOTORESIST,STRIP RESIST
valid_0547,CLEAN AFTER VIA ETCH,CLEAN AFTER METAL ETCH,CLEAN PAD OPENING,CLEAN AFTER ETCH,CLEAN AFTER POLY ETCH
valid_0548,DEVELOP PHOTORESIST,DEVELOP PAD WINDOW,SOFT BAKE,SPIN COAT PHOTORESIST,STRIP RESIST
valid_0549,DEPOSIT TUNGSTEN SEED,DEPOSIT METAL SEED,DEVELOP PHOTORESIST,SOFT BAKE,SPIN COAT PHOTORESIST
valid_0550,PASSIVATION ETCH,PASSIVATION ETCH PAD OPENING,METAL PATTERN INSPECTION,INSPECT PATTERN LEVEL 1,POLY PATTERN INSPECTION
valid_0551,CLEAN AFTER VIA ETCH,CLEAN AFTER METAL ETCH,CLEAN PAD OPENING,CLEAN AFTER ETCH,CLEAN AFTER POLY ETCH
valid_0552,PAD WINDOW LITHO,OPEN PAD WINDOW LITHO,DEVELOP PHOTORESIST,SOFT BAKE,SPIN COAT PHOTORESIST
valid_0553,MEASURE VIA CD,DEPOSIT BARRIER METAL,DEVELOP PHOTORESIST,SOFT BAKE,SPIN COAT PHOTORESIST
valid_0554,OPEN PAD WINDOW LITHO,PAD WINDOW LITHO,DEVELOP PHOTORESIST,SOFT BAKE,SPIN COAT PHOTORESIST
valid_0555,DIELECTRIC ETCH VIA,VIA ETCH THROUGH DIELECTRIC,VIA ETCH,OXIDE ETCH DRY,POLYSILICON ETCH DRY
valid_0556,OPEN PAD WINDOW,OPEN BOND PAD WINDOW,DEVELOP PHOTORESIST,SOFT BAKE,SPIN COAT PHOTORESIST
valid_0557,MEASURE VIA CD,DEPOSIT BARRIER METAL,DEVELOP PHOTORESIST,SOFT BAKE,SPIN COAT PHOTORESIST
valid_0558,DEVELOP PAD WINDOW,DEVELOP PHOTORESIST,SOFT BAKE,SPIN COAT PHOTORESIST,STRIP RESIST
valid_0559,MEASURE VIA CD,DEPOSIT BARRIER METAL,DEVELOP PHOTORESIST,SOFT BAKE,SPIN COAT PHOTORESIST
valid_0560,OPEN PAD WINDOW LITHO,PAD WINDOW LITHO,DEVELOP PHOTORESIST,SOFT BAKE,SPIN COAT PHOTORESIST
valid_0561,STRIP PHOTORESIST,STRIP RESIST,DEVELOP PHOTORESIST,SOFT BAKE,SPIN COAT PHOTORESIST
valid_0562,OPEN BOND PAD WINDOW,OPEN PAD WINDOW,DEVELOP PHOTORESIST,SOFT BAKE,SPIN COAT PHOTORESIST
valid_0563,CLEAN AFTER VIA ETCH,CLEAN AFTER METAL ETCH,CLEAN PAD OPENING,CLEAN AFTER ETCH,CLEAN AFTER POLY ETCH
valid_0564,OPEN BOND PAD WINDOW,OPEN PAD WINDOW,DEVELOP PHOTORESIST,SOFT BAKE,SPIN COAT PHOTORESIST
valid_0565,STRIP RESIST,STRIP PHOTORESIST,DEVELOP PHOTORESIST,SOFT BAKE,SPIN COAT PHOTORESIST
valid_0566,OPEN BOND PAD WINDOW,OPEN PAD WINDOW,DEVELOP PHOTORESIST,SOFT BAKE,SPIN COAT PHOTORESIST
valid_0567,MEASURE VIA CD,DEPOSIT BARRIER METAL,DEVELOP PHOTORESIST,SOFT BAKE,SPIN COAT PHOTORESIST
valid_0568,PAD WINDOW LITHO,OPEN PAD WINDOW LITHO,DEVELOP PHOTORESIST,SOFT BAKE,SPIN COAT PHOTORESIST
valid_0569,STRIP RESIST,STRIP PHOTORESIST,DEVELOP PHOTORESIST,SOFT BAKE,SPIN COAT PHOTORESIST
valid_0570,DEVELOP PHOTORESIST,DEVELOP PAD WINDOW,SOFT BAKE,SPIN COAT PHOTORESIST,STRIP RESIST
valid_0571,STRIP PHOTORESIST,STRIP RESIST,DEVELOP PHOTORESIST,SOFT BAKE,SPIN COAT PHOTORESIST
valid_0572,OPEN PAD WINDOW,OPEN BOND PAD WINDOW,DEVELOP PHOTORESIST,SOFT BAKE,SPIN COAT PHOTORESIST
valid_0573,CLEAN AFTER VIA ETCH,CLEAN AFTER POLY ETCH,CLEAN PAD OPENING,CLEAN AFTER METAL ETCH,CLEAN AFTER ETCH
valid_0574,OPEN PAD WINDOW,OPEN BOND PAD WINDOW,DEVELOP PHOTORESIST,SOFT BAKE,SPIN COAT PHOTORESIST
valid_0575,MEASURE VIA CD,DEPOSIT BARRIER METAL,DEVELOP PHOTORESIST,SOFT BAKE,SPIN COAT PHOTORESIST
valid_0576,DEVELOP PAD WINDOW,DEVELOP PHOTORESIST,SOFT BAKE,SPIN COAT PHOTORESIST,STRIP RESIST
valid_0577,CLEAN AFTER VIA ETCH,CLEAN AFTER METAL ETCH,CLEAN PAD OPENING,CLEAN AFTER ETCH,CLEAN AFTER POLY ETCH
valid_0578,DEVELOP PHOTORESIST,DEVELOP PAD WINDOW,SOFT BAKE,SPIN COAT PHOTORESIST,STRIP RESIST
valid_0579,STRIP PHOTORESIST,STRIP RESIST,DEVELOP PHOTORESIST,SOFT BAKE,SPIN COAT PHOTORESIST
valid_0580,OPEN PAD WINDOW LITHO,PAD WINDOW LITHO,DEVELOP PHOTORESIST,SOFT BAKE,SPIN COAT PHOTORESIST
valid_0581,CLEAN AFTER VIA ETCH,CLEAN AFTER METAL ETCH,CLEAN PAD OPENING,CLEAN AFTER ETCH,CLEAN AFTER POLY ETCH
valid_0582,OPEN PAD WINDOW LITHO,PAD WINDOW LITHO,DEVELOP PHOTORESIST,SOFT BAKE,SPIN COAT PHOTORESIST
valid_0583,VIA ETCH THROUGH DIELECTRIC,VIA ETCH,DIELECTRIC ETCH VIA,OXIDE ETCH DRY,POLYSILICON ETCH DRY
valid_0584,OPEN PAD WINDOW,OPEN BOND PAD WINDOW,DEVELOP PHOTORESIST,SOFT BAKE,SPIN COAT PHOTORESIST
valid_0585,STRIP RESIST,STRIP PHOTORESIST,DEVELOP PHOTORESIST,SOFT BAKE,SPIN COAT PHOTORESIST
valid_0586,PAD WINDOW LITHO,OPEN PAD WINDOW LITHO,DEVELOP PHOTORESIST,SOFT BAKE,SPIN COAT PHOTORESIST
valid_0587,STRIP PHOTORESIST,STRIP RESIST,DEVELOP PHOTORESIST,SOFT BAKE,SPIN COAT PHOTORESIST
valid_0588,OPEN PAD WINDOW,OPEN BOND PAD WINDOW,DEVELOP PHOTORESIST,SOFT BAKE,SPIN COAT PHOTORESIST
valid_0589,DEVELOP PHOTORESIST,SOFT BAKE,SPIN COAT PHOTORESIST,STRIP RESIST,STRIP PHOTORESIST
valid_0590,CURE PASSIVATION,DEVELOP PHOTORESIST,SOFT BAKE,SPIN COAT PHOTORESIST,STRIP RESIST
valid_0591,STRIP PHOTORESIST,STRIP RESIST,DEVELOP PHOTORESIST,SOFT BAKE,SPIN COAT PHOTORESIST
valid_0592,OPEN PAD WINDOW,OPEN BOND PAD WINDOW,DEVELOP PHOTORESIST,SOFT BAKE,SPIN COAT PHOTORESIST
valid_0593,STRIP PHOTORESIST,STRIP RESIST,DEVELOP PHOTORESIST,SOFT BAKE,SPIN COAT PHOTORESIST
valid_0594,OPEN PAD WINDOW LITHO,PAD WINDOW LITHO,DEVELOP PHOTORESIST,SOFT BAKE,SPIN COAT PHOTORESIST
valid_0595,CLEAN AFTER VIA ETCH,CLEAN AFTER METAL ETCH,CLEAN PAD OPENING,CLEAN AFTER ETCH,CLEAN AFTER POLY ETCH
valid_0596,DEVELOP PAD WINDOW,DEVELOP PHOTORESIST,SOFT BAKE,SPIN COAT PHOTORESIST,STRIP RESIST
valid_0597,CLEAN AFTER VIA ETCH,CLEAN AFTER METAL ETCH,CLEAN PAD OPENING,CLEAN AFTER ETCH,CLEAN AFTER POLY ETCH
valid_0598,OPEN PAD WINDOW,OPEN BOND PAD WINDOW,DEVELOP PHOTORESIST,SOFT BAKE,SPIN COAT PHOTORESIST
valid_0599,CLEAN AFTER VIA ETCH,CLEAN AFTER POLY ETCH,CLEAN PAD OPENING,CLEAN AFTER METAL ETCH,CLEAN AFTER ETCH
valid_0600,PAD WINDOW LITHO,OPEN PAD WINDOW LITHO,DEVELOP PHOTORESIST,SOFT BAKE,SPIN COAT PHOTORESIST
