train_family_count,model,validation_family,task1_top1,task1_top3,task1_mrr,task2_exact_match,task2_normalized_edit_distance,task2_block_accuracy,task3_accuracy,family_specific_next_step_share,family_specific_task1_top1,family_specific_task1_top3
2,raw_exact_retrieval,SYNTHFAMILY101,0.625,0.71875,0.671875,0.0,0.372278468809808,0.6339896636633754,1.0,0.03125,0.0,0.0
2,raw_exact_retrieval,SYNTHFAMILY102,0.53125,0.71875,0.625,0.0,0.39978395295543995,0.5189894003648505,1.0,0.0,nan,nan
2,raw_exact_retrieval,SYNTHFAMILY103,0.53125,0.75,0.640625,0.0,0.32415524485967745,0.5836647589455876,1.0,0.0625,0.0,0.0
2,raw_exact_retrieval,SYNTHFAMILY104,0.71875,0.78125,0.75,0.0,0.2921245817222841,0.6436473734486977,1.0,0.0625,0.0,0.0
2,raw_exact_retrieval,SYNTHFAMILY105,0.65625,0.84375,0.75,0.0,0.2844162751065419,0.6561731755346357,1.0,0.03125,0.0,0.0
2,raw_exact_retrieval,SYNTHFAMILY106,0.5625,0.78125,0.671875,0.0,0.30208418761944034,0.6280089873641509,1.0,0.0625,0.0,0.0
2,raw_exact_retrieval,SYNTHFAMILY107,0.625,0.78125,0.703125,0.0,0.32409406525745443,0.6532119928235174,1.0,0.03125,0.0,0.0
2,raw_exact_retrieval,SYNTHFAMILY108,0.59375,0.6875,0.640625,0.0,0.33129202861368795,0.6261040749707989,1.0,0.125,0.0,0.0
2,raw_exact_retrieval,SYNTHFAMILY109,0.65625,0.8125,0.734375,0.0,0.3049947068806135,0.5895766545787059,1.0,0.03125,0.0,0.0
2,raw_exact_retrieval,SYNTHFAMILY110,0.40625,0.65625,0.53125,0.0,0.3495829888692306,0.5918732428206307,1.0,0.125,0.0,0.0
2,template_adapted_retrieval,SYNTHFAMILY101,0.78125,1.0,0.8802083333333333,0.0,0.14858759278718411,0.8307232174365273,1.0,0.03125,1.0,1.0
2,template_adapted_retrieval,SYNTHFAMILY102,0.6875,1.0,0.8333333333333333,0.0,0.1493297742539885,0.7021969754136111,1.0,0.0,nan,nan
2,template_adapted_retrieval,SYNTHFAMILY103,0.6875,1.0,0.8333333333333333,0.0,0.1591245705997424,0.7000382941797336,1.0,0.0625,1.0,1.0
2,template_adapted_retrieval,SYNTHFAMILY104,0.78125,1.0,0.8854166666666667,0.0,0.1496819850469789,0.7190138459453558,1.0,0.0625,1.0,1.0
2,template_adapted_retrieval,SYNTHFAMILY105,0.71875,1.0,0.8489583333333333,0.0,0.1655120971301915,0.7257358959719036,1.0,0.03125,1.0,1.0
2,template_adapted_retrieval,SYNTHFAMILY106,0.78125,1.0,0.890625,0.0,0.1520684261864984,0.7252849604206032,1.0,0.0625,1.0,1.0
2,template_adapted_retrieval,SYNTHFAMILY107,0.8125,1.0,0.8958333333333333,0.0,0.14553160280426644,0.7097959003073862,1.0,0.03125,1.0,1.0
2,template_adapted_retrieval,SYNTHFAMILY108,0.78125,1.0,0.8802083333333334,0.0,0.17070646260685451,0.7015995389735752,1.0,0.125,1.0,1.0
2,template_adapted_retrieval,SYNTHFAMILY109,0.75,1.0,0.875,0.0,0.15669238433361915,0.6884848539622451,1.0,0.03125,1.0,1.0
2,template_adapted_retrieval,SYNTHFAMILY110,0.5625,1.0,0.7656249999999999,0.0,0.16184242921929476,0.7026008119321674,1.0,0.125,1.0,1.0
2,valid_lattice_template_retrieval,SYNTHFAMILY101,0.84375,1.0,0.9114583333333333,0.0,0.09970356915479332,0.9523075993614016,1.0,0.03125,1.0,1.0
2,valid_lattice_template_retrieval,SYNTHFAMILY102,0.875,1.0,0.9270833333333333,0.0,0.1023802187757791,0.8433691191040301,1.0,0.0,nan,nan
2,valid_lattice_template_retrieval,SYNTHFAMILY103,0.96875,1.0,0.984375,0.0,0.11060787836824633,0.837821540668658,1.0,0.0625,1.0,1.0
2,valid_lattice_template_retrieval,SYNTHFAMILY104,0.96875,1.0,0.984375,0.0,0.10436921223720723,0.8989987896262526,1.0,0.0625,1.0,1.0
2,valid_lattice_template_retrieval,SYNTHFAMILY105,0.84375,1.0,0.9166666666666666,0.0,0.11935404787766829,0.8927465783554706,1.0,0.03125,1.0,1.0
2,valid_lattice_template_retrieval,SYNTHFAMILY106,0.90625,1.0,0.953125,0.0,0.10613463668319148,0.8726076540797159,1.0,0.0625,1.0,1.0
2,valid_lattice_template_retrieval,SYNTHFAMILY107,0.9375,1.0,0.9635416666666666,0.0,0.10674312332807583,0.8894841008616923,1.0,0.03125,1.0,1.0
2,valid_lattice_template_retrieval,SYNTHFAMILY108,0.90625,1.0,0.9479166666666667,0.0,0.12780857818463315,0.9086758069397278,1.0,0.125,1.0,1.0
2,valid_lattice_template_retrieval,SYNTHFAMILY109,0.84375,1.0,0.921875,0.0,0.10200946921781195,0.8638884510696018,1.0,0.03125,1.0,1.0
2,valid_lattice_template_retrieval,SYNTHFAMILY110,0.78125,1.0,0.8802083333333333,0.0,0.11080911065536382,0.8551285017187827,1.0,0.125,1.0,1.0
5,raw_exact_retrieval,SYNTHFAMILY101,0.625,0.71875,0.671875,0.0,0.23972186106178017,0.6413656656999269,1.0,0.03125,0.0,0.0
5,raw_exact_retrieval,SYNTHFAMILY102,0.59375,0.71875,0.65625,0.0,0.26323796272750455,0.5264309172893841,1.0,0.0,nan,nan
5,raw_exact_retrieval,SYNTHFAMILY103,0.5,0.75,0.625,0.0,0.23872635922305577,0.6239736052042799,1.0,0.0625,0.0,0.0
5,raw_exact_retrieval,SYNTHFAMILY104,0.71875,0.78125,0.75,0.0,0.22926633748187425,0.6715667456899284,1.0,0.0625,0.0,0.0
5,raw_exact_retrieval,SYNTHFAMILY105,0.71875,0.84375,0.78125,0.0,0.2118409190842994,0.6715705948560107,1.0,0.03125,0.0,0.0
5,raw_exact_retrieval,SYNTHFAMILY106,0.59375,0.78125,0.6875,0.0,0.2513794223931473,0.7033295365727316,1.0,0.0625,0.0,0.0
5,raw_exact_retrieval,SYNTHFAMILY107,0.71875,0.78125,0.75,0.0,0.23624120713772478,0.6156851227778745,1.0,0.03125,0.0,0.0
5,raw_exact_retrieval,SYNTHFAMILY108,0.65625,0.6875,0.671875,0.0,0.25719556100277463,0.6547926742305521,1.0,0.125,0.0,0.0
5,raw_exact_retrieval,SYNTHFAMILY109,0.71875,0.8125,0.765625,0.03125,0.21005647797055885,0.6370881423514543,1.0,0.03125,0.0,0.0
5,raw_exact_retrieval,SYNTHFAMILY110,0.3125,0.65625,0.484375,0.0,0.25391524348410077,0.641769875284922,1.0,0.125,0.0,0.0
5,template_adapted_retrieval,SYNTHFAMILY101,0.78125,1.0,0.8749999999999999,0.0,0.15019291370485885,0.7876287372559277,1.0,0.03125,1.0,1.0
5,template_adapted_retrieval,SYNTHFAMILY102,0.71875,1.0,0.8541666666666666,0.0,0.15676779223506598,0.741160607426908,1.0,0.0,nan,nan
5,template_adapted_retrieval,SYNTHFAMILY103,0.71875,1.0,0.8489583333333333,0.0,0.153448305545997,0.7298591140283386,1.0,0.0625,1.0,1.0
5,template_adapted_retrieval,SYNTHFAMILY104,0.84375,1.0,0.9166666666666666,0.0,0.1490215717172206,0.754088234682526,1.0,0.0625,1.0,1.0
5,template_adapted_retrieval,SYNTHFAMILY105,0.71875,1.0,0.8541666666666667,0.0,0.15591614047719562,0.727391637690566,1.0,0.03125,1.0,1.0
5,template_adapted_retrieval,SYNTHFAMILY106,0.71875,1.0,0.859375,0.0,0.16422231383303607,0.7554629027453754,1.0,0.0625,1.0,1.0
5,template_adapted_retrieval,SYNTHFAMILY107,0.78125,1.0,0.8802083333333333,0.0,0.15343661862810168,0.722168125235943,1.0,0.03125,1.0,1.0
5,template_adapted_retrieval,SYNTHFAMILY108,0.8125,1.0,0.8958333333333334,0.0,0.16662409672942863,0.7476364805420054,1.0,0.125,1.0,1.0
5,template_adapted_retrieval,SYNTHFAMILY109,0.71875,1.0,0.859375,0.03125,0.1553599832545216,0.7201083425510393,1.0,0.03125,1.0,1.0
5,template_adapted_retrieval,SYNTHFAMILY110,0.46875,1.0,0.7239583333333333,0.0,0.1529875472925711,0.7418230212661681,1.0,0.125,1.0,1.0
5,valid_lattice_template_retrieval,SYNTHFAMILY101,0.84375,1.0,0.9062499999999999,0.0,0.0973574190011835,0.9315982739645763,1.0,0.03125,1.0,1.0
5,valid_lattice_template_retrieval,SYNTHFAMILY102,0.84375,1.0,0.9166666666666666,0.0,0.11295642024283693,0.8865837012669333,1.0,0.0,nan,nan
5,valid_lattice_template_retrieval,SYNTHFAMILY103,0.9375,1.0,0.96875,0.0,0.10277821986727682,0.8629404133415581,1.0,0.0625,1.0,1.0
5,valid_lattice_template_retrieval,SYNTHFAMILY104,1.0,1.0,1.0,0.0,0.08786352803095444,0.9104313017768172,1.0,0.0625,1.0,1.0
5,valid_lattice_template_retrieval,SYNTHFAMILY105,0.875,1.0,0.9375,0.0,0.09953464062397802,0.9153197826190366,1.0,0.03125,1.0,1.0
5,valid_lattice_template_retrieval,SYNTHFAMILY106,0.90625,1.0,0.953125,0.0,0.11780801924607229,0.9227612679880823,1.0,0.0625,1.0,1.0
5,valid_lattice_template_retrieval,SYNTHFAMILY107,0.90625,1.0,0.9479166666666666,0.0,0.10963452832724847,0.8895686062700383,1.0,0.03125,1.0,1.0
5,valid_lattice_template_retrieval,SYNTHFAMILY108,0.9375,1.0,0.9635416666666667,0.0,0.12291358041279715,0.9266334161197635,1.0,0.125,1.0,1.0
5,valid_lattice_template_retrieval,SYNTHFAMILY109,0.84375,1.0,0.921875,0.0625,0.10563029057069782,0.8875535116880995,1.0,0.03125,1.0,1.0
5,valid_lattice_template_retrieval,SYNTHFAMILY110,0.78125,1.0,0.8854166666666666,0.0,0.09801634075756965,0.9144050908223661,1.0,0.125,1.0,1.0
10,raw_exact_retrieval,SYNTHFAMILY101,0.625,0.71875,0.671875,0.0,0.24240562330974946,0.6268409708920291,1.0,0.03125,0.0,0.0
10,raw_exact_retrieval,SYNTHFAMILY102,0.625,0.71875,0.671875,0.0,0.2623576456350409,0.5315281422581659,1.0,0.0,nan,nan
10,raw_exact_retrieval,SYNTHFAMILY103,0.5625,0.75,0.65625,0.0,0.24756443240714568,0.6262522160375168,1.0,0.0625,0.0,0.0
10,raw_exact_retrieval,SYNTHFAMILY104,0.75,0.78125,0.765625,0.0,0.2267730046390879,0.664074456816753,1.0,0.0625,0.0,0.0
10,raw_exact_retrieval,SYNTHFAMILY105,0.6875,0.84375,0.765625,0.0,0.21192519782677996,0.6491123738827506,1.0,0.03125,0.0,0.0
10,raw_exact_retrieval,SYNTHFAMILY106,0.53125,0.78125,0.65625,0.0,0.25363403275735275,0.6926275563835154,1.0,0.0625,0.0,0.0
10,raw_exact_retrieval,SYNTHFAMILY107,0.65625,0.78125,0.71875,0.0,0.2385923016851328,0.6502239511516897,1.0,0.03125,0.0,0.0
10,raw_exact_retrieval,SYNTHFAMILY108,0.59375,0.6875,0.640625,0.0,0.25402312267260385,0.6722990352793705,1.0,0.125,0.0,0.0
10,raw_exact_retrieval,SYNTHFAMILY109,0.6875,0.8125,0.75,0.03125,0.20645030549818386,0.6212610700078127,1.0,0.03125,0.0,0.0
10,raw_exact_retrieval,SYNTHFAMILY110,0.46875,0.65625,0.5625,0.0,0.2644389904090407,0.6161685199344303,1.0,0.125,0.0,0.0
10,template_adapted_retrieval,SYNTHFAMILY101,0.78125,1.0,0.8802083333333333,0.0,0.15366812510786748,0.7421347108553541,1.0,0.03125,1.0,1.0
10,template_adapted_retrieval,SYNTHFAMILY102,0.65625,1.0,0.8229166666666666,0.0,0.1511286818105607,0.7436983358398856,1.0,0.0,nan,nan
10,template_adapted_retrieval,SYNTHFAMILY103,0.8125,1.0,0.90625,0.0,0.15533432098138583,0.7592954567729929,1.0,0.0625,1.0,1.0
10,template_adapted_retrieval,SYNTHFAMILY104,0.8125,1.0,0.9010416666666666,0.0,0.1514119962758343,0.7631149155675823,1.0,0.0625,1.0,1.0
10,template_adapted_retrieval,SYNTHFAMILY105,0.75,1.0,0.875,0.0,0.14802733280994,0.7353895045879294,1.0,0.03125,1.0,1.0
10,template_adapted_retrieval,SYNTHFAMILY106,0.78125,1.0,0.890625,0.0,0.1640963067607052,0.7582300629182201,1.0,0.0625,1.0,1.0
10,template_adapted_retrieval,SYNTHFAMILY107,0.875,1.0,0.9375,0.0,0.1524156732305296,0.753312615866469,1.0,0.03125,1.0,1.0
10,template_adapted_retrieval,SYNTHFAMILY108,0.78125,1.0,0.8854166666666667,0.0,0.16695680000892552,0.7909728641022362,1.0,0.125,1.0,1.0
10,template_adapted_retrieval,SYNTHFAMILY109,0.875,1.0,0.9322916666666667,0.0,0.15594814964529466,0.7203204600524594,1.0,0.03125,1.0,1.0
10,template_adapted_retrieval,SYNTHFAMILY110,0.65625,1.0,0.8177083333333333,0.0,0.14983827734664712,0.7513267003997838,1.0,0.125,1.0,1.0
10,valid_lattice_template_retrieval,SYNTHFAMILY101,0.84375,1.0,0.9114583333333333,0.0,0.10149020808984911,0.9509112476998134,1.0,0.03125,1.0,1.0
10,valid_lattice_template_retrieval,SYNTHFAMILY102,0.84375,1.0,0.921875,0.0,0.11003446341662819,0.8831060873952977,1.0,0.0,nan,nan
10,valid_lattice_template_retrieval,SYNTHFAMILY103,0.96875,1.0,0.984375,0.0,0.1114223637626083,0.8598154133415582,1.0,0.0625,1.0,1.0
10,valid_lattice_template_retrieval,SYNTHFAMILY104,1.0,1.0,1.0,0.0,0.09242460682524319,0.9119516613749133,1.0,0.0625,1.0,1.0
10,valid_lattice_template_retrieval,SYNTHFAMILY105,0.90625,1.0,0.953125,0.0,0.09363380912549533,0.9364007987640908,1.0,0.03125,1.0,1.0
10,valid_lattice_template_retrieval,SYNTHFAMILY106,0.90625,1.0,0.953125,0.0,0.11775761602026584,0.9227612679880823,1.0,0.0625,1.0,1.0
10,valid_lattice_template_retrieval,SYNTHFAMILY107,0.9375,1.0,0.96875,0.0,0.11625379288089602,0.9292872382880629,1.0,0.03125,1.0,1.0
10,valid_lattice_template_retrieval,SYNTHFAMILY108,0.9375,1.0,0.96875,0.0,0.11891097130463776,0.9514495925903517,1.0,0.125,1.0,1.0
10,valid_lattice_template_retrieval,SYNTHFAMILY109,0.875,1.0,0.9322916666666667,0.0,0.11075434310022365,0.8875535116880995,1.0,0.03125,1.0,1.0
10,valid_lattice_template_retrieval,SYNTHFAMILY110,0.8125,1.0,0.9010416666666666,0.0,0.0903076481307707,0.9192095357937421,1.0,0.125,1.0,1.0
20,raw_exact_retrieval,SYNTHFAMILY101,0.625,0.71875,0.671875,0.0,0.24464625195588444,0.6081625164545515,1.0,0.03125,0.0,0.0
20,raw_exact_retrieval,SYNTHFAMILY102,0.53125,0.71875,0.625,0.0,0.2609986520629812,0.5407705351213573,1.0,0.0,nan,nan
20,raw_exact_retrieval,SYNTHFAMILY103,0.625,0.75,0.6875,0.0,0.24616700526689067,0.634552690039835,1.0,0.0625,0.0,0.0
20,raw_exact_retrieval,SYNTHFAMILY104,0.6875,0.78125,0.734375,0.0,0.2291058288969688,0.6622102884972877,1.0,0.0625,0.0,0.0
20,raw_exact_retrieval,SYNTHFAMILY105,0.65625,0.84375,0.75,0.0,0.21604528005419468,0.6387284022980937,1.0,0.03125,0.0,0.0
20,raw_exact_retrieval,SYNTHFAMILY106,0.46875,0.78125,0.625,0.0,0.2550349492976459,0.6844020562105833,1.0,0.0625,0.0,0.0
20,raw_exact_retrieval,SYNTHFAMILY107,0.65625,0.78125,0.71875,0.0,0.23457091490461413,0.637170315719022,1.0,0.03125,0.0,0.0
20,raw_exact_retrieval,SYNTHFAMILY108,0.625,0.6875,0.65625,0.0,0.2477096918750649,0.6665767867025204,1.0,0.125,0.0,0.0
20,raw_exact_retrieval,SYNTHFAMILY109,0.71875,0.8125,0.765625,0.03125,0.19674068273900408,0.6589010475268949,1.0,0.03125,0.0,0.0
20,raw_exact_retrieval,SYNTHFAMILY110,0.46875,0.65625,0.5625,0.0,0.2627545055567551,0.6063029734783988,1.0,0.125,0.0,0.0
20,template_adapted_retrieval,SYNTHFAMILY101,0.8125,1.0,0.8958333333333333,0.0,0.1549746597297751,0.7887381654980345,1.0,0.03125,1.0,1.0
20,template_adapted_retrieval,SYNTHFAMILY102,0.71875,1.0,0.859375,0.0,0.1486624711374551,0.7575877621305743,1.0,0.0,nan,nan
20,template_adapted_retrieval,SYNTHFAMILY103,0.78125,1.0,0.890625,0.0,0.15389514162529852,0.7486415925010786,1.0,0.0625,1.0,1.0
20,template_adapted_retrieval,SYNTHFAMILY104,0.84375,1.0,0.9114583333333334,0.0,0.14748334141322272,0.7700129364364559,1.0,0.0625,1.0,1.0
20,template_adapted_retrieval,SYNTHFAMILY105,0.65625,1.0,0.828125,0.0,0.1518476698262639,0.7541920584751494,1.0,0.03125,1.0,1.0
20,template_adapted_retrieval,SYNTHFAMILY106,0.71875,1.0,0.8541666666666667,0.0,0.1587774577036156,0.7432693895183445,1.0,0.0625,1.0,1.0
20,template_adapted_retrieval,SYNTHFAMILY107,0.84375,1.0,0.921875,0.0,0.1519245218213093,0.7576469629635783,1.0,0.03125,1.0,1.0
20,template_adapted_retrieval,SYNTHFAMILY108,0.71875,1.0,0.8541666666666667,0.0,0.1641805367665807,0.764590143123458,1.0,0.125,1.0,1.0
20,template_adapted_retrieval,SYNTHFAMILY109,0.84375,1.0,0.9166666666666667,0.0,0.1501230326360412,0.6975411650984681,1.0,0.03125,1.0,1.0
20,template_adapted_retrieval,SYNTHFAMILY110,0.625,1.0,0.8072916666666667,0.0,0.155388855495451,0.7182170404912883,1.0,0.125,1.0,1.0
20,valid_lattice_template_retrieval,SYNTHFAMILY101,0.875,1.0,0.9270833333333333,0.0,0.10279915051010079,0.9496023052795617,1.0,0.03125,1.0,1.0
20,valid_lattice_template_retrieval,SYNTHFAMILY102,0.875,1.0,0.9375,0.0,0.10630386161469824,0.8892561982469522,1.0,0.0,nan,nan
20,valid_lattice_template_retrieval,SYNTHFAMILY103,0.9375,1.0,0.96875,0.0,0.11020456123308248,0.8808433486972301,1.0,0.0625,1.0,1.0
20,valid_lattice_template_retrieval,SYNTHFAMILY104,1.0,1.0,1.0,0.0,0.09658121349776294,0.8883975568973015,1.0,0.0625,1.0,1.0
20,valid_lattice_template_retrieval,SYNTHFAMILY105,0.84375,1.0,0.921875,0.0,0.09213541479685758,0.9364007987640908,1.0,0.03125,1.0,1.0
20,valid_lattice_template_retrieval,SYNTHFAMILY106,0.875,1.0,0.9375,0.0,0.11311656873384131,0.9036168926163641,1.0,0.0625,1.0,1.0
20,valid_lattice_template_retrieval,SYNTHFAMILY107,0.90625,1.0,0.953125,0.0,0.11392804352674309,0.9104735781649058,1.0,0.03125,1.0,1.0
20,valid_lattice_template_retrieval,SYNTHFAMILY108,0.90625,1.0,0.953125,0.0,0.11474688199184344,0.9540972001408345,1.0,0.125,1.0,1.0
20,valid_lattice_template_retrieval,SYNTHFAMILY109,0.875,1.0,0.9322916666666667,0.0,0.10620888855476911,0.8875535116880995,1.0,0.03125,1.0,1.0
20,valid_lattice_template_retrieval,SYNTHFAMILY110,0.8125,1.0,0.90625,0.0,0.0947293582149216,0.9144301694722622,1.0,0.125,1.0,1.0
40,raw_exact_retrieval,SYNTHFAMILY101,0.625,0.71875,0.671875,0.0,0.24862761900714012,0.6184470767244631,1.0,0.03125,0.0,0.0
40,raw_exact_retrieval,SYNTHFAMILY102,0.5625,0.71875,0.640625,0.0,0.25801066912522647,0.5456169243645216,1.0,0.0,nan,nan
40,raw_exact_retrieval,SYNTHFAMILY103,0.65625,0.75,0.703125,0.0,0.24768862741790595,0.6428846180528419,1.0,0.0625,0.0,0.0
40,raw_exact_retrieval,SYNTHFAMILY104,0.71875,0.78125,0.75,0.0,0.2276571271909416,0.6561110986133106,1.0,0.0625,0.0,0.0
40,raw_exact_retrieval,SYNTHFAMILY105,0.6875,0.84375,0.765625,0.0,0.2092765309256965,0.6496961862034768,1.0,0.03125,0.0,0.0
40,raw_exact_retrieval,SYNTHFAMILY106,0.5,0.78125,0.640625,0.0,0.2586588894267972,0.6994908003242396,1.0,0.0625,0.0,0.0
40,raw_exact_retrieval,SYNTHFAMILY107,0.65625,0.78125,0.71875,0.0,0.232753027252789,0.6556116623280882,1.0,0.03125,0.0,0.0
40,raw_exact_retrieval,SYNTHFAMILY108,0.5625,0.6875,0.625,0.0,0.2527589989879394,0.6560879152391541,1.0,0.125,0.0,0.0
40,raw_exact_retrieval,SYNTHFAMILY109,0.71875,0.8125,0.765625,0.03125,0.1921691149642162,0.6611747703207477,1.0,0.03125,0.0,0.0
40,raw_exact_retrieval,SYNTHFAMILY110,0.46875,0.65625,0.5625,0.0,0.2577084810654356,0.654114572235902,1.0,0.125,0.0,0.0
40,template_adapted_retrieval,SYNTHFAMILY101,0.78125,1.0,0.8854166666666666,0.0,0.14423053443437622,0.766673805223048,1.0,0.03125,1.0,1.0
40,template_adapted_retrieval,SYNTHFAMILY102,0.6875,1.0,0.84375,0.0,0.15521453752852765,0.7664808288760456,1.0,0.0,nan,nan
40,template_adapted_retrieval,SYNTHFAMILY103,0.84375,1.0,0.9166666666666666,0.0,0.1539556924197906,0.7672086214954656,1.0,0.0625,1.0,1.0
40,template_adapted_retrieval,SYNTHFAMILY104,0.875,1.0,0.9322916666666667,0.0,0.14323200591263704,0.7528990073555865,1.0,0.0625,1.0,1.0
40,template_adapted_retrieval,SYNTHFAMILY105,0.71875,1.0,0.8489583333333334,0.0,0.14943467613499153,0.7403938610106522,1.0,0.03125,1.0,1.0
40,template_adapted_retrieval,SYNTHFAMILY106,0.65625,1.0,0.8229166666666667,0.0,0.15115466766610836,0.7717187499054723,1.0,0.0625,1.0,1.0
40,template_adapted_retrieval,SYNTHFAMILY107,0.84375,1.0,0.921875,0.0,0.16250945448069615,0.7724954260791713,1.0,0.03125,1.0,1.0
40,template_adapted_retrieval,SYNTHFAMILY108,0.75,1.0,0.8697916666666667,0.0,0.16633314687778936,0.7510740352160254,1.0,0.125,1.0,1.0
40,template_adapted_retrieval,SYNTHFAMILY109,0.84375,1.0,0.9166666666666667,0.0,0.155325827934086,0.7278540128920152,1.0,0.03125,1.0,1.0
40,template_adapted_retrieval,SYNTHFAMILY110,0.625,1.0,0.7968749999999999,0.0,0.161149884396075,0.7629076458928357,1.0,0.125,1.0,1.0
40,valid_lattice_template_retrieval,SYNTHFAMILY101,0.875,1.0,0.9322916666666666,0.0,0.098769105054268,0.9496023052795617,1.0,0.03125,1.0,1.0
40,valid_lattice_template_retrieval,SYNTHFAMILY102,0.875,1.0,0.9375,0.0,0.10630386161469824,0.9099363453057757,1.0,0.0,nan,nan
40,valid_lattice_template_retrieval,SYNTHFAMILY103,0.96875,1.0,0.984375,0.0,0.10722160668762794,0.9066956214245029,1.0,0.0625,1.0,1.0
40,valid_lattice_template_retrieval,SYNTHFAMILY104,1.0,1.0,1.0,0.0,0.09519567794025635,0.8856264857822883,1.0,0.0625,1.0,1.0
40,valid_lattice_template_retrieval,SYNTHFAMILY105,0.84375,1.0,0.9166666666666666,0.0,0.09248103691667325,0.9348887019898973,1.0,0.03125,1.0,1.0
40,valid_lattice_template_retrieval,SYNTHFAMILY106,0.875,1.0,0.9375,0.0,0.10737476203720546,0.9315458072119218,1.0,0.0625,1.0,1.0
40,valid_lattice_template_retrieval,SYNTHFAMILY107,0.9375,1.0,0.96875,0.0,0.11556836737194204,0.9089110781649058,1.0,0.03125,1.0,1.0
40,valid_lattice_template_retrieval,SYNTHFAMILY108,0.90625,1.0,0.953125,0.0,0.11865313199184344,0.9513261290258214,1.0,0.125,1.0,1.0
40,valid_lattice_template_retrieval,SYNTHFAMILY109,0.875,1.0,0.9322916666666667,0.0,0.1101763424718198,0.8902320831166709,1.0,0.03125,1.0,1.0
40,valid_lattice_template_retrieval,SYNTHFAMILY110,0.8125,1.0,0.8958333333333333,0.0,0.09952793519375006,0.9593414953574987,1.0,0.125,1.0,1.0
60,raw_exact_retrieval,SYNTHFAMILY101,0.625,0.71875,0.671875,0.0,0.24125145887319005,0.620782914277768,1.0,0.03125,0.0,0.0
60,raw_exact_retrieval,SYNTHFAMILY102,0.53125,0.71875,0.625,0.0,0.2590502102731041,0.5562430290927584,1.0,0.0,nan,nan
60,raw_exact_retrieval,SYNTHFAMILY103,0.625,0.75,0.6875,0.0,0.24348392445880987,0.650138232969128,1.0,0.0625,0.0,0.0
60,raw_exact_retrieval,SYNTHFAMILY104,0.71875,0.78125,0.75,0.0,0.23684529170405869,0.6735303387539621,1.0,0.0625,0.0,0.0
60,raw_exact_retrieval,SYNTHFAMILY105,0.65625,0.84375,0.75,0.0,0.2052488411853168,0.6740670790309509,1.0,0.03125,0.0,0.0
60,raw_exact_retrieval,SYNTHFAMILY106,0.5,0.78125,0.640625,0.0,0.254965874906259,0.7011034464070801,1.0,0.0625,0.0,0.0
60,raw_exact_retrieval,SYNTHFAMILY107,0.65625,0.78125,0.71875,0.0,0.23231972893346128,0.6551783640087605,1.0,0.03125,0.0,0.0
60,raw_exact_retrieval,SYNTHFAMILY108,0.5625,0.6875,0.625,0.0,0.25277292501289483,0.6551619385051769,1.0,0.125,0.0,0.0
60,raw_exact_retrieval,SYNTHFAMILY109,0.71875,0.8125,0.765625,0.03125,0.19679101240499666,0.6747776622173044,1.0,0.03125,0.0,0.0
60,raw_exact_retrieval,SYNTHFAMILY110,0.4375,0.65625,0.546875,0.0,0.25701601749643027,0.6679013369417842,1.0,0.125,0.0,0.0
60,template_adapted_retrieval,SYNTHFAMILY101,0.8125,1.0,0.9010416666666666,0.0,0.14136318718168323,0.7481226091346479,1.0,0.03125,1.0,1.0
60,template_adapted_retrieval,SYNTHFAMILY102,0.65625,1.0,0.8229166666666666,0.0,0.1529043896790653,0.7737892966179811,1.0,0.0,nan,nan
60,template_adapted_retrieval,SYNTHFAMILY103,0.875,1.0,0.9322916666666666,0.0,0.1539556924197906,0.7686374890623929,1.0,0.0625,1.0,1.0
60,template_adapted_retrieval,SYNTHFAMILY104,0.84375,1.0,0.921875,0.0,0.14872788858624159,0.7572275417389841,1.0,0.0625,1.0,1.0
60,template_adapted_retrieval,SYNTHFAMILY105,0.6875,1.0,0.84375,0.0,0.14136196843342863,0.7908705406802572,1.0,0.03125,1.0,1.0
60,template_adapted_retrieval,SYNTHFAMILY106,0.6875,1.0,0.828125,0.0,0.15196917018490427,0.8068173441851346,1.0,0.0625,1.0,1.0
60,template_adapted_retrieval,SYNTHFAMILY107,0.875,1.0,0.9375,0.0,0.167694663086314,0.7706177331248729,1.0,0.03125,1.0,1.0
60,template_adapted_retrieval,SYNTHFAMILY108,0.75,1.0,0.8697916666666667,0.0,0.16088815525042832,0.73621974125763,1.0,0.125,1.0,1.0
60,template_adapted_retrieval,SYNTHFAMILY109,0.875,1.0,0.9322916666666667,0.0,0.15468637192850576,0.7608291811326808,1.0,0.03125,1.0,1.0
60,template_adapted_retrieval,SYNTHFAMILY110,0.59375,1.0,0.7864583333333333,0.0,0.15493626054353535,0.8007643405296828,1.0,0.125,1.0,1.0
60,valid_lattice_template_retrieval,SYNTHFAMILY101,0.875,1.0,0.9322916666666666,0.0,0.09742981933998228,0.9509415909938475,1.0,0.03125,1.0,1.0
60,valid_lattice_template_retrieval,SYNTHFAMILY102,0.875,1.0,0.9375,0.0,0.10630386161469824,0.9099363453057757,1.0,0.0,nan,nan
60,valid_lattice_template_retrieval,SYNTHFAMILY103,0.96875,1.0,0.984375,0.0,0.10722160668762794,0.9066956214245029,1.0,0.0625,1.0,1.0
60,valid_lattice_template_retrieval,SYNTHFAMILY104,1.0,1.0,1.0,0.0,0.10597430842229992,0.9117516046731282,1.0,0.0625,1.0,1.0
60,valid_lattice_template_retrieval,SYNTHFAMILY105,0.84375,1.0,0.921875,0.0,0.09681342686568632,0.9318645084415101,1.0,0.03125,1.0,1.0
60,valid_lattice_template_retrieval,SYNTHFAMILY106,0.875,1.0,0.9375,0.0,0.1032181553646857,0.9301602716544152,1.0,0.0625,1.0,1.0
60,valid_lattice_template_retrieval,SYNTHFAMILY107,0.9375,1.0,0.96875,0.0,0.11422908165765631,0.9075717924506201,1.0,0.03125,1.0,1.0
60,valid_lattice_template_retrieval,SYNTHFAMILY108,0.90625,1.0,0.953125,0.0,0.12007358653729798,0.9513261290258214,1.0,0.125,1.0,1.0
60,valid_lattice_template_retrieval,SYNTHFAMILY109,0.875,1.0,0.9322916666666667,0.0,0.1101763424718198,0.8902320831166709,1.0,0.03125,1.0,1.0
60,valid_lattice_template_retrieval,SYNTHFAMILY110,0.8125,1.0,0.9010416666666666,0.0,0.10086722090803578,0.9593414953574987,1.0,0.125,1.0,1.0
80,raw_exact_retrieval,SYNTHFAMILY101,0.625,0.71875,0.671875,0.0,0.24125145887319005,0.620782914277768,1.0,0.03125,0.0,0.0
80,raw_exact_retrieval,SYNTHFAMILY102,0.59375,0.71875,0.65625,0.0,0.2583310876980909,0.5647769748240757,1.0,0.0,nan,nan
80,raw_exact_retrieval,SYNTHFAMILY103,0.625,0.75,0.6875,0.0,0.24680608044490027,0.6633034403710157,1.0,0.0625,0.0,0.0
80,raw_exact_retrieval,SYNTHFAMILY104,0.71875,0.78125,0.75,0.0,0.23768988629865329,0.6726857441593675,1.0,0.0625,0.0,0.0
80,raw_exact_retrieval,SYNTHFAMILY105,0.625,0.84375,0.734375,0.0,0.20295673031111638,0.6666043924637867,1.0,0.03125,0.0,0.0
80,raw_exact_retrieval,SYNTHFAMILY106,0.5,0.78125,0.640625,0.0,0.254965874906259,0.7011034464070801,1.0,0.0625,0.0,0.0
80,raw_exact_retrieval,SYNTHFAMILY107,0.65625,0.78125,0.71875,0.0,0.23546004756091227,0.6662588378649696,1.0,0.03125,0.0,0.0
80,raw_exact_retrieval,SYNTHFAMILY108,0.59375,0.6875,0.640625,0.0,0.25277292501289483,0.6551619385051769,1.0,0.125,0.0,0.0
80,raw_exact_retrieval,SYNTHFAMILY109,0.71875,0.8125,0.765625,0.03125,0.19679101240499666,0.6747776622173044,1.0,0.03125,0.0,0.0
80,raw_exact_retrieval,SYNTHFAMILY110,0.4375,0.65625,0.546875,0.0,0.25985692658733933,0.6844733066387539,1.0,0.125,0.0,0.0
80,template_adapted_retrieval,SYNTHFAMILY101,0.84375,1.0,0.9166666666666666,0.0,0.13731992516700856,0.7791295629876004,1.0,0.03125,1.0,1.0
80,template_adapted_retrieval,SYNTHFAMILY102,0.6875,1.0,0.8385416666666666,0.0,0.1517809672562591,0.7745216588350633,1.0,0.0,nan,nan
80,template_adapted_retrieval,SYNTHFAMILY103,0.84375,1.0,0.921875,0.0,0.15674847682118154,0.7699516035681058,1.0,0.0625,1.0,1.0
80,template_adapted_retrieval,SYNTHFAMILY104,0.84375,1.0,0.921875,0.0,0.15135615897992294,0.7639754604625022,1.0,0.0625,1.0,1.0
80,template_adapted_retrieval,SYNTHFAMILY105,0.65625,1.0,0.828125,0.0,0.14330234761667407,0.7548644382933847,1.0,0.03125,1.0,1.0
80,template_adapted_retrieval,SYNTHFAMILY106,0.71875,1.0,0.8489583333333334,0.0,0.15182647612097733,0.8028456927391682,1.0,0.0625,1.0,1.0
80,template_adapted_retrieval,SYNTHFAMILY107,0.875,1.0,0.9375,0.0,0.1686648428248761,0.7951530680921931,1.0,0.03125,1.0,1.0
80,template_adapted_retrieval,SYNTHFAMILY108,0.78125,1.0,0.8854166666666667,0.0,0.16078760336056191,0.7480963195404583,1.0,0.125,1.0,1.0
80,template_adapted_retrieval,SYNTHFAMILY109,0.84375,1.0,0.9166666666666667,0.0,0.15278402345859896,0.7819303307805774,1.0,0.03125,1.0,1.0
80,template_adapted_retrieval,SYNTHFAMILY110,0.5625,1.0,0.7708333333333333,0.0,0.15420545601005303,0.8192915657006197,1.0,0.125,1.0,1.0
80,valid_lattice_template_retrieval,SYNTHFAMILY101,0.90625,1.0,0.9479166666666666,0.0,0.09450013183998228,0.9758439347438475,1.0,0.03125,1.0,1.0
80,valid_lattice_template_retrieval,SYNTHFAMILY102,0.875,1.0,0.9375,0.0,0.10354650867352176,0.9278591394234228,1.0,0.0,nan,nan
80,valid_lattice_template_retrieval,SYNTHFAMILY103,0.9375,1.0,0.96875,0.0,0.10580115214217338,0.9081160759699575,1.0,0.0625,1.0,1.0
80,valid_lattice_template_retrieval,SYNTHFAMILY104,1.0,1.0,1.0,0.0,0.10724698520867533,0.9104789278867528,1.0,0.0625,1.0,1.0
80,valid_lattice_template_retrieval,SYNTHFAMILY105,0.84375,1.0,0.921875,0.0,0.09547414115140061,0.9318645084415101,1.0,0.03125,1.0,1.0
80,valid_lattice_template_retrieval,SYNTHFAMILY106,0.875,1.0,0.9375,0.0,0.1032181553646857,0.9301602716544152,1.0,0.0625,1.0,1.0
80,valid_lattice_template_retrieval,SYNTHFAMILY107,0.9375,1.0,0.96875,0.0,0.11698643459883279,0.9254945865682671,1.0,0.03125,1.0,1.0
80,valid_lattice_template_retrieval,SYNTHFAMILY108,0.90625,1.0,0.953125,0.0,0.12007358653729798,0.9513261290258214,1.0,0.125,1.0,1.0
80,valid_lattice_template_retrieval,SYNTHFAMILY109,0.875,1.0,0.9322916666666667,0.0,0.1101763424718198,0.8902320831166709,1.0,0.03125,1.0,1.0
80,valid_lattice_template_retrieval,SYNTHFAMILY110,0.8125,1.0,0.90625,0.0,0.10512858454439941,0.9841994499029533,1.0,0.125,1.0,1.0
100,raw_exact_retrieval,SYNTHFAMILY101,0.59375,0.71875,0.65625,0.0,0.24171101769671946,0.6083748260424738,1.0,0.03125,0.0,0.0
100,raw_exact_retrieval,SYNTHFAMILY102,0.59375,0.71875,0.65625,0.0,0.26108844063926734,0.5647769748240757,1.0,0.0,nan,nan
100,raw_exact_retrieval,SYNTHFAMILY103,0.625,0.75,0.6875,0.0,0.24680608044490027,0.6633034403710157,1.0,0.0625,0.0,0.0
100,raw_exact_retrieval,SYNTHFAMILY104,0.71875,0.78125,0.75,0.0,0.23768988629865329,0.6726857441593675,1.0,0.0625,0.0,0.0
100,raw_exact_retrieval,SYNTHFAMILY105,0.6875,0.84375,0.765625,0.0,0.20349130997876055,0.668589974086465,1.0,0.03125,0.0,0.0
100,raw_exact_retrieval,SYNTHFAMILY106,0.5625,0.78125,0.671875,0.0,0.254965874906259,0.7011034464070801,1.0,0.0625,0.0,0.0
100,raw_exact_retrieval,SYNTHFAMILY107,0.6875,0.78125,0.734375,0.0,0.23454092991385345,0.6680970731590873,1.0,0.03125,0.0,0.0
100,raw_exact_retrieval,SYNTHFAMILY108,0.5625,0.6875,0.625,0.0,0.25277292501289483,0.6551619385051769,1.0,0.125,0.0,0.0
100,raw_exact_retrieval,SYNTHFAMILY109,0.71875,0.8125,0.765625,0.03125,0.19976720288118716,0.6722975034871457,1.0,0.03125,0.0,0.0
100,raw_exact_retrieval,SYNTHFAMILY110,0.4375,0.65625,0.546875,0.0,0.26353339717557467,0.6637931595799305,1.0,0.125,0.0,0.0
100,template_adapted_retrieval,SYNTHFAMILY101,0.78125,1.0,0.8854166666666666,0.0,0.14365963883765634,0.7799455770835699,1.0,0.03125,1.0,1.0
100,template_adapted_retrieval,SYNTHFAMILY102,0.65625,1.0,0.8229166666666666,0.0,0.15225283569113304,0.7906103208623743,1.0,0.0,nan,nan
100,template_adapted_retrieval,SYNTHFAMILY103,0.75,1.0,0.875,0.0,0.15803272339652402,0.7601057131571469,1.0,0.0625,1.0,1.0
100,template_adapted_retrieval,SYNTHFAMILY104,0.84375,1.0,0.9166666666666667,0.0,0.15465819859049215,0.7914851909699168,1.0,0.0625,1.0,1.0
100,template_adapted_retrieval,SYNTHFAMILY105,0.71875,1.0,0.859375,0.0,0.14554630178083552,0.7751364855317245,1.0,0.03125,1.0,1.0
100,template_adapted_retrieval,SYNTHFAMILY106,0.8125,1.0,0.9010416666666666,0.0,0.15084895901442796,0.8003255314488456,1.0,0.0625,1.0,1.0
100,template_adapted_retrieval,SYNTHFAMILY107,0.875,1.0,0.9375,0.0,0.16637824039851742,0.7949341306313641,1.0,0.03125,1.0,1.0
100,template_adapted_retrieval,SYNTHFAMILY108,0.8125,1.0,0.9010416666666667,0.0,0.16078760336056191,0.7580789584293471,1.0,0.125,1.0,1.0
100,template_adapted_retrieval,SYNTHFAMILY109,0.8125,1.0,0.9010416666666667,0.0,0.15525618167672492,0.7895308172117089,1.0,0.03125,1.0,1.0
100,template_adapted_retrieval,SYNTHFAMILY110,0.625,1.0,0.8072916666666667,0.0,0.15834148542181772,0.7989680911615502,1.0,0.125,1.0,1.0
100,valid_lattice_template_retrieval,SYNTHFAMILY101,0.875,1.0,0.9322916666666666,0.0,0.09450013183998228,0.9758439347438475,1.0,0.03125,1.0,1.0
100,valid_lattice_template_retrieval,SYNTHFAMILY102,0.84375,1.0,0.921875,0.0,0.10768253808528647,0.9278591394234228,1.0,0.0,nan,nan
100,valid_lattice_template_retrieval,SYNTHFAMILY103,0.875,1.0,0.9375,0.0,0.10580115214217338,0.9081160759699575,1.0,0.0625,1.0,1.0
100,valid_lattice_template_retrieval,SYNTHFAMILY104,1.0,1.0,1.0,0.0,0.10724698520867533,0.9104789278867528,1.0,0.0625,1.0,1.0
100,valid_lattice_template_retrieval,SYNTHFAMILY105,0.84375,1.0,0.921875,0.0,0.09547414115140061,0.9318645084415101,1.0,0.03125,1.0,1.0
100,valid_lattice_template_retrieval,SYNTHFAMILY106,0.9375,1.0,0.96875,0.0,0.1032181553646857,0.9301602716544152,1.0,0.0625,1.0,1.0
100,valid_lattice_template_retrieval,SYNTHFAMILY107,0.90625,1.0,0.953125,0.0,0.11560775812824456,0.9282519395094436,1.0,0.03125,1.0,1.0
100,valid_lattice_template_retrieval,SYNTHFAMILY108,0.9375,1.0,0.96875,0.0,0.12007358653729798,0.9513261290258214,1.0,0.125,1.0,1.0
100,valid_lattice_template_retrieval,SYNTHFAMILY109,0.875,1.0,0.9322916666666667,0.0,0.1101763424718198,0.8902320831166709,1.0,0.03125,1.0,1.0
100,valid_lattice_template_retrieval,SYNTHFAMILY110,0.84375,1.0,0.921875,0.0,0.10650726101498764,0.9841994499029533,1.0,0.125,1.0,1.0
