EXAMPLE_ID,RANK_1,RANK_2,RANK_3,RANK_4,RANK_5
valid_mosfet_000_60,CLEAN AFTER VIA ETCH,CLEAN AFTER METAL ETCH,CLEAN PAD OPENING,CLEAN AFTER POLY ETCH,CLEAN AFTER ETCH
valid_mosfet_000_80,DEVELOP PAD WINDOW,DEVELOP PHOTORESIST,SOFT BAKE,SPIN COAT PHOTORESIST,STRIP RESIST
valid_mosfet_001_60,CLEAN AFTER VIA ETCH,CLEAN PAD OPENING,CLEAN AFTER POLY ETCH,CLEAN AFTER METAL ETCH,CLEAN AFTER ETCH
valid_mosfet_001_80,PASSIVATION ETCH,PASSIVATION ETCH PAD OPENING,DEVELOP PHOTORESIST,SOFT BAKE,SPIN COAT PHOTORESIST
valid_mosfet_002_60,MEASURE VIA CD,DEPOSIT BARRIER METAL,DEVELOP PHOTORESIST,SOFT BAKE,SPIN COAT PHOTORESIST
valid_mosfet_002_80,PASSIVATION ETCH,PASSIVATION ETCH PAD OPENING,DEVELOP PHOTORESIST,SOFT BAKE,SPIN COAT PHOTORESIST
valid_mosfet_003_60,DEPOSIT BARRIER METAL,DEVELOP PHOTORESIST,SOFT BAKE,SPIN COAT PHOTORESIST,STRIP RESIST
valid_mosfet_003_80,STRIP RESIST,STRIP PHOTORESIST,DEVELOP PHOTORESIST,SOFT BAKE,SPIN COAT PHOTORESIST
valid_mosfet_004_60,MEASURE VIA CD,DEPOSIT BARRIER METAL,DEVELOP PHOTORESIST,SOFT BAKE,SPIN COAT PHOTORESIST
valid_mosfet_004_80,PASSIVATION ETCH PAD OPENING,PASSIVATION ETCH,METAL PATTERN INSPECTION,POLY PATTERN INSPECTION,PATTERN INSPECTION LEVEL 1
valid_mosfet_005_60,DEPOSIT BARRIER METAL,DEVELOP PHOTORESIST,SOFT BAKE,SPIN COAT PHOTORESIST,STRIP RESIST
valid_mosfet_005_80,PASSIVATION ETCH PAD OPENING,PASSIVATION ETCH,DEVELOP PHOTORESIST,SOFT BAKE,SPIN COAT PHOTORESIST
valid_mosfet_006_60,CLEAN AFTER VIA ETCH,CLEAN AFTER METAL ETCH,CLEAN PAD OPENING,CLEAN AFTER POLY ETCH,CLEAN AFTER ETCH
valid_mosfet_006_80,PASSIVATION ETCH PAD OPENING,PASSIVATION ETCH,METAL PATTERN INSPECTION,POLY PATTERN INSPECTION,PATTERN INSPECTION LEVEL 1
valid_mosfet_007_60,DEPOSIT BARRIER METAL,DEVELOP PHOTORESIST,SOFT BAKE,SPIN COAT PHOTORESIST,STRIP RESIST
valid_mosfet_007_80,STRIP RESIST,STRIP PHOTORESIST,DEVELOP PHOTORESIST,SOFT BAKE,SPIN COAT PHOTORESIST
valid_mosfet_008_60,DIELECTRIC ETCH VIA,VIA ETCH THROUGH DIELECTRIC,VIA ETCH,OXIDE ETCH DRY,OXIDE ETCH
valid_mosfet_008_80,DEVELOP PHOTORESIST,DEVELOP PAD WINDOW,SOFT BAKE,SPIN COAT PHOTORESIST,STRIP RESIST
valid_mosfet_009_60,DEPOSIT BARRIER METAL,DEVELOP PHOTORESIST,SOFT BAKE,SPIN COAT PHOTORESIST,STRIP RESIST
valid_mosfet_009_80,STRIP RESIST,STRIP PHOTORESIST,DEVELOP PHOTORESIST,SOFT BAKE,SPIN COAT PHOTORESIST
valid_mosfet_010_60,DEPOSIT BARRIER METAL,DEVELOP PHOTORESIST,SOFT BAKE,SPIN COAT PHOTORESIST,STRIP RESIST
valid_mosfet_010_80,STRIP RESIST,STRIP PHOTORESIST,DEVELOP PHOTORESIST,SOFT BAKE,SPIN COAT PHOTORESIST
valid_mosfet_011_60,CLEAN AFTER VIA ETCH,CLEAN AFTER METAL ETCH,CLEAN PAD OPENING,CLEAN AFTER POLY ETCH,CLEAN AFTER ETCH
valid_mosfet_011_80,STRIP RESIST,STRIP PHOTORESIST,DEVELOP PHOTORESIST,SOFT BAKE,SPIN COAT PHOTORESIST
valid_mosfet_012_60,STRIP RESIST,STRIP PHOTORESIST,DEVELOP PHOTORESIST,SOFT BAKE,SPIN COAT PHOTORESIST
valid_mosfet_012_80,PASSIVATION ETCH,PASSIVATION ETCH PAD OPENING,DEVELOP PHOTORESIST,SOFT BAKE,SPIN COAT PHOTORESIST
valid_mosfet_013_60,CLEAN AFTER VIA ETCH,CLEAN AFTER METAL ETCH,CLEAN PAD OPENING,CLEAN AFTER POLY ETCH,CLEAN AFTER ETCH
valid_mosfet_013_80,PASSIVATION ETCH PAD OPENING,PASSIVATION ETCH,METAL PATTERN INSPECTION,POLY PATTERN INSPECTION,PATTERN INSPECTION LEVEL 1
valid_mosfet_014_60,CLEAN AFTER VIA ETCH,CLEAN PAD OPENING,CLEAN AFTER POLY ETCH,CLEAN AFTER METAL ETCH,CLEAN AFTER ETCH
valid_mosfet_014_80,PASSIVATION ETCH PAD OPENING,PASSIVATION ETCH,METAL PATTERN INSPECTION,POLY PATTERN INSPECTION,PATTERN INSPECTION LEVEL 1
valid_mosfet_015_60,MEASURE VIA CD,DEPOSIT BARRIER METAL,DEVELOP PHOTORESIST,SOFT BAKE,SPIN COAT PHOTORESIST
valid_mosfet_015_80,PASSIVATION ETCH PAD OPENING,PASSIVATION ETCH,DEVELOP PHOTORESIST,SOFT BAKE,SPIN COAT PHOTORESIST
valid_mosfet_016_60,DEPOSIT BARRIER METAL,DEVELOP PHOTORESIST,SOFT BAKE,SPIN COAT PHOTORESIST,STRIP RESIST
valid_mosfet_016_80,DEVELOP PAD WINDOW,DEVELOP PHOTORESIST,SOFT BAKE,SPIN COAT PHOTORESIST,STRIP RESIST
valid_mosfet_017_60,MEASURE VIA CD,DEPOSIT BARRIER METAL,DEVELOP PHOTORESIST,SOFT BAKE,SPIN COAT PHOTORESIST
valid_mosfet_017_80,STRIP PHOTORESIST,STRIP RESIST,DEVELOP PHOTORESIST,SOFT BAKE,SPIN COAT PHOTORESIST
valid_mosfet_018_60,CLEAN AFTER VIA ETCH,CLEAN PAD OPENING,CLEAN AFTER POLY ETCH,CLEAN AFTER METAL ETCH,CLEAN AFTER ETCH
valid_mosfet_018_80,PASSIVATION ETCH PAD OPENING,PASSIVATION ETCH,DEVELOP PHOTORESIST,SOFT BAKE,SPIN COAT PHOTORESIST
valid_mosfet_019_60,MEASURE VIA CD,DEPOSIT BARRIER METAL,DEVELOP PHOTORESIST,SOFT BAKE,SPIN COAT PHOTORESIST
valid_mosfet_019_80,STRIP PHOTORESIST,STRIP RESIST,DEVELOP PHOTORESIST,SOFT BAKE,SPIN COAT PHOTORESIST
valid_mosfet_020_60,CLEAN AFTER VIA ETCH,CLEAN PAD OPENING,CLEAN AFTER POLY ETCH,CLEAN AFTER METAL ETCH,CLEAN AFTER ETCH
valid_mosfet_020_80,PASSIVATION ETCH PAD OPENING,PASSIVATION ETCH,METAL PATTERN INSPECTION,POLY PATTERN INSPECTION,PATTERN INSPECTION LEVEL 1
valid_mosfet_021_60,MEASURE VIA CD,DEPOSIT BARRIER METAL,DEVELOP PHOTORESIST,SOFT BAKE,SPIN COAT PHOTORESIST
valid_mosfet_021_80,PASSIVATION ETCH PAD OPENING,PASSIVATION ETCH,DEVELOP PHOTORESIST,SOFT BAKE,SPIN COAT PHOTORESIST
valid_mosfet_022_60,MEASURE VIA CD,DEPOSIT BARRIER METAL,DEVELOP PHOTORESIST,SOFT BAKE,SPIN COAT PHOTORESIST
valid_mosfet_022_80,STRIP RESIST,STRIP PHOTORESIST,DEVELOP PHOTORESIST,SOFT BAKE,SPIN COAT PHOTORESIST
valid_mosfet_023_60,CLEAN AFTER VIA ETCH,CLEAN AFTER METAL ETCH,CLEAN PAD OPENING,CLEAN AFTER POLY ETCH,CLEAN AFTER ETCH
valid_mosfet_023_80,STRIP PHOTORESIST,STRIP RESIST,DEVELOP PHOTORESIST,SOFT BAKE,SPIN COAT PHOTORESIST
valid_mosfet_024_60,DEPOSIT BARRIER METAL,DEVELOP PHOTORESIST,SOFT BAKE,SPIN COAT PHOTORESIST,STRIP RESIST
valid_mosfet_024_80,PASSIVATION ETCH PAD OPENING,PASSIVATION ETCH,METAL PATTERN INSPECTION,POLY PATTERN INSPECTION,PATTERN INSPECTION LEVEL 1
valid_mosfet_025_60,MEASURE VIA CD,DEPOSIT BARRIER METAL,DEVELOP PHOTORESIST,SOFT BAKE,SPIN COAT PHOTORESIST
valid_mosfet_025_80,STRIP RESIST,STRIP PHOTORESIST,DEVELOP PHOTORESIST,SOFT BAKE,SPIN COAT PHOTORESIST
valid_mosfet_026_60,DEPOSIT METAL SEED,DEPOSIT TUNGSTEN SEED,DEVELOP PHOTORESIST,SOFT BAKE,SPIN COAT PHOTORESIST
valid_mosfet_026_80,CLEAN PAD OPENING,CLEAN AFTER POLY ETCH,CLEAN AFTER METAL ETCH,CLEAN AFTER VIA ETCH,CLEAN AFTER ETCH
valid_mosfet_027_60,STRIP RESIST,STRIP PHOTORESIST,DEVELOP PHOTORESIST,SOFT BAKE,SPIN COAT PHOTORESIST
valid_mosfet_027_80,PASSIVATION ETCH,PASSIVATION ETCH PAD OPENING,DEVELOP PHOTORESIST,SOFT BAKE,SPIN COAT PHOTORESIST
valid_mosfet_028_60,MEASURE VIA CD,DEPOSIT BARRIER METAL,DEVELOP PHOTORESIST,SOFT BAKE,SPIN COAT PHOTORESIST
valid_mosfet_028_80,PASSIVATION ETCH,PASSIVATION ETCH PAD OPENING,DEVELOP PHOTORESIST,SOFT BAKE,SPIN COAT PHOTORESIST
valid_mosfet_029_60,CLEAN AFTER VIA ETCH,CLEAN AFTER METAL ETCH,CLEAN PAD OPENING,CLEAN AFTER POLY ETCH,CLEAN AFTER ETCH
valid_mosfet_029_80,STRIP PHOTORESIST,STRIP RESIST,DEVELOP PHOTORESIST,SOFT BAKE,SPIN COAT PHOTORESIST
valid_mosfet_030_60,CLEAN AFTER VIA ETCH,CLEAN AFTER METAL ETCH,CLEAN PAD OPENING,CLEAN AFTER POLY ETCH,CLEAN AFTER ETCH
valid_mosfet_030_80,PASSIVATION ETCH PAD OPENING,PASSIVATION ETCH,METAL PATTERN INSPECTION,POLY PATTERN INSPECTION,PATTERN INSPECTION LEVEL 1
valid_mosfet_031_60,MEASURE VIA CD,DEPOSIT BARRIER METAL,DEVELOP PHOTORESIST,SOFT BAKE,SPIN COAT PHOTORESIST
valid_mosfet_031_80,PASSIVATION ETCH,PASSIVATION ETCH PAD OPENING,DEVELOP PHOTORESIST,SOFT BAKE,SPIN COAT PHOTORESIST
valid_mosfet_032_60,HARD BAKE,DIELECTRIC ETCH VIA,VIA ETCH,VIA ETCH THROUGH DIELECTRIC,DEVELOP PHOTORESIST
valid_mosfet_032_80,DEVELOP PAD WINDOW,DEVELOP PHOTORESIST,SOFT BAKE,SPIN COAT PHOTORESIST,STRIP RESIST
valid_mosfet_033_60,DEPOSIT METAL SEED,DEPOSIT TUNGSTEN SEED,DEVELOP PHOTORESIST,SOFT BAKE,SPIN COAT PHOTORESIST
valid_mosfet_033_80,STRIP RESIST,STRIP PHOTORESIST,DEVELOP PHOTORESIST,SOFT BAKE,SPIN COAT PHOTORESIST
valid_mosfet_034_60,DEPOSIT METAL SEED,DEPOSIT TUNGSTEN SEED,DEVELOP PHOTORESIST,SOFT BAKE,SPIN COAT PHOTORESIST
valid_mosfet_034_80,STRIP RESIST,STRIP PHOTORESIST,DEVELOP PHOTORESIST,SOFT BAKE,SPIN COAT PHOTORESIST
valid_mosfet_035_60,DEPOSIT METAL SEED,DEPOSIT TUNGSTEN SEED,DEVELOP PHOTORESIST,SOFT BAKE,SPIN COAT PHOTORESIST
valid_mosfet_035_80,STRIP PHOTORESIST,STRIP RESIST,DEVELOP PHOTORESIST,SOFT BAKE,SPIN COAT PHOTORESIST
valid_mosfet_036_60,DEPOSIT BARRIER METAL,DEVELOP PHOTORESIST,SOFT BAKE,SPIN COAT PHOTORESIST,STRIP RESIST
valid_mosfet_036_80,STRIP RESIST,STRIP PHOTORESIST,DEVELOP PHOTORESIST,SOFT BAKE,SPIN COAT PHOTORESIST
valid_mosfet_037_60,CLEAN AFTER VIA ETCH,CLEAN PAD OPENING,CLEAN AFTER POLY ETCH,CLEAN AFTER METAL ETCH,CLEAN AFTER ETCH
valid_mosfet_037_80,PASSIVATION ETCH PAD OPENING,PASSIVATION ETCH,METAL PATTERN INSPECTION,POLY PATTERN INSPECTION,PATTERN INSPECTION LEVEL 1
valid_mosfet_038_60,MEASURE VIA CD,DEPOSIT BARRIER METAL,DEVELOP PHOTORESIST,SOFT BAKE,SPIN COAT PHOTORESIST
valid_mosfet_038_80,STRIP RESIST,STRIP PHOTORESIST,DEVELOP PHOTORESIST,SOFT BAKE,SPIN COAT PHOTORESIST
valid_mosfet_039_60,DEPOSIT BARRIER METAL,DEVELOP PHOTORESIST,SOFT BAKE,SPIN COAT PHOTORESIST,STRIP RESIST
valid_mosfet_039_80,PASSIVATION ETCH PAD OPENING,PASSIVATION ETCH,METAL PATTERN INSPECTION,POLY PATTERN INSPECTION,PATTERN INSPECTION LEVEL 1
valid_mosfet_040_60,MEASURE VIA CD,DEPOSIT BARRIER METAL,DEVELOP PHOTORESIST,SOFT BAKE,SPIN COAT PHOTORESIST
valid_mosfet_040_80,DEVELOP PHOTORESIST,DEVELOP PAD WINDOW,SOFT BAKE,SPIN COAT PHOTORESIST,STRIP RESIST
valid_mosfet_041_60,CLEAN AFTER VIA ETCH,CLEAN AFTER METAL ETCH,CLEAN PAD OPENING,CLEAN AFTER POLY ETCH,CLEAN AFTER ETCH
valid_mosfet_041_80,STRIP RESIST,STRIP PHOTORESIST,DEVELOP PHOTORESIST,SOFT BAKE,SPIN COAT PHOTORESIST
valid_mosfet_042_60,CLEAN AFTER VIA ETCH,CLEAN PAD OPENING,CLEAN AFTER POLY ETCH,CLEAN AFTER METAL ETCH,CLEAN AFTER ETCH
valid_mosfet_042_80,PASSIVATION ETCH PAD OPENING,PASSIVATION ETCH,METAL PATTERN INSPECTION,POLY PATTERN INSPECTION,PATTERN INSPECTION LEVEL 1
valid_mosfet_043_60,CLEAN AFTER VIA ETCH,CLEAN PAD OPENING,CLEAN AFTER POLY ETCH,CLEAN AFTER METAL ETCH,CLEAN AFTER ETCH
valid_mosfet_043_80,STRIP RESIST,STRIP PHOTORESIST,DEVELOP PHOTORESIST,SOFT BAKE,SPIN COAT PHOTORESIST
valid_mosfet_044_60,STRIP PHOTORESIST,STRIP RESIST,DEVELOP PHOTORESIST,SOFT BAKE,SPIN COAT PHOTORESIST
valid_mosfet_044_80,DEVELOP PHOTORESIST,DEVELOP PAD WINDOW,SOFT BAKE,SPIN COAT PHOTORESIST,STRIP RESIST
valid_mosfet_045_60,MEASURE VIA CD,DEPOSIT BARRIER METAL,DEVELOP PHOTORESIST,SOFT BAKE,SPIN COAT PHOTORESIST
valid_mosfet_045_80,STRIP RESIST,STRIP PHOTORESIST,DEVELOP PHOTORESIST,SOFT BAKE,SPIN COAT PHOTORESIST
valid_mosfet_046_60,MEASURE VIA CD,DEPOSIT BARRIER METAL,DEVELOP PHOTORESIST,SOFT BAKE,SPIN COAT PHOTORESIST
valid_mosfet_046_80,PASSIVATION ETCH,PASSIVATION ETCH PAD OPENING,DEVELOP PHOTORESIST,SOFT BAKE,SPIN COAT PHOTORESIST
valid_mosfet_047_60,MEASURE VIA CD,DEPOSIT BARRIER METAL,DEVELOP PHOTORESIST,SOFT BAKE,SPIN COAT PHOTORESIST
valid_mosfet_047_80,PASSIVATION ETCH PAD OPENING,PASSIVATION ETCH,METAL PATTERN INSPECTION,POLY PATTERN INSPECTION,PATTERN INSPECTION LEVEL 1
valid_mosfet_048_60,CLEAN AFTER VIA ETCH,CLEAN AFTER METAL ETCH,CLEAN PAD OPENING,CLEAN AFTER POLY ETCH,CLEAN AFTER ETCH
valid_mosfet_048_80,PASSIVATION ETCH PAD OPENING,PASSIVATION ETCH,METAL PATTERN INSPECTION,POLY PATTERN INSPECTION,PATTERN INSPECTION LEVEL 1
valid_mosfet_049_60,DEPOSIT METAL SEED,DEPOSIT TUNGSTEN SEED,DEVELOP PHOTORESIST,SOFT BAKE,SPIN COAT PHOTORESIST
valid_mosfet_049_80,MEASURE PAD OPENING,DEVELOP PHOTORESIST,SOFT BAKE,SPIN COAT PHOTORESIST,STRIP RESIST
valid_mosfet_050_60,STRIP RESIST,STRIP PHOTORESIST,DEVELOP PHOTORESIST,SOFT BAKE,SPIN COAT PHOTORESIST
valid_mosfet_050_80,DEVELOP PHOTORESIST,DEVELOP PAD WINDOW,SOFT BAKE,SPIN COAT PHOTORESIST,STRIP RESIST
valid_mosfet_051_60,CLEAN AFTER VIA ETCH,CLEAN AFTER METAL ETCH,CLEAN PAD OPENING,CLEAN AFTER POLY ETCH,CLEAN AFTER ETCH
valid_mosfet_051_80,PASSIVATION ETCH PAD OPENING,PASSIVATION ETCH,METAL PATTERN INSPECTION,POLY PATTERN INSPECTION,PATTERN INSPECTION LEVEL 1
valid_mosfet_052_60,CLEAN AFTER VIA ETCH,CLEAN AFTER METAL ETCH,CLEAN PAD OPENING,CLEAN AFTER POLY ETCH,CLEAN AFTER ETCH
valid_mosfet_052_80,STRIP RESIST,STRIP PHOTORESIST,DEVELOP PHOTORESIST,SOFT BAKE,SPIN COAT PHOTORESIST
valid_mosfet_053_60,DEPOSIT BARRIER METAL,DEVELOP PHOTORESIST,SOFT BAKE,SPIN COAT PHOTORESIST,STRIP RESIST
valid_mosfet_053_80,STRIP PHOTORESIST,STRIP RESIST,DEVELOP PHOTORESIST,SOFT BAKE,SPIN COAT PHOTORESIST
valid_mosfet_054_60,STRIP RESIST,STRIP PHOTORESIST,DEVELOP PHOTORESIST,SOFT BAKE,SPIN COAT PHOTORESIST
valid_mosfet_054_80,STRIP RESIST,STRIP PHOTORESIST,DEVELOP PHOTORESIST,SOFT BAKE,SPIN COAT PHOTORESIST
valid_mosfet_055_60,STRIP PHOTORESIST,STRIP RESIST,DEVELOP PHOTORESIST,SOFT BAKE,SPIN COAT PHOTORESIST
valid_mosfet_055_80,PASSIVATION ETCH PAD OPENING,PASSIVATION ETCH,METAL PATTERN INSPECTION,POLY PATTERN INSPECTION,PATTERN INSPECTION LEVEL 1
valid_mosfet_056_60,STRIP PHOTORESIST,STRIP RESIST,DEVELOP PHOTORESIST,SOFT BAKE,SPIN COAT PHOTORESIST
valid_mosfet_056_80,STRIP PHOTORESIST,STRIP RESIST,DEVELOP PHOTORESIST,SOFT BAKE,SPIN COAT PHOTORESIST
valid_mosfet_057_60,DEPOSIT METAL SEED,DEPOSIT TUNGSTEN SEED,DEVELOP PHOTORESIST,SOFT BAKE,SPIN COAT PHOTORESIST
valid_mosfet_057_80,STRIP RESIST,STRIP PHOTORESIST,DEVELOP PHOTORESIST,SOFT BAKE,SPIN COAT PHOTORESIST
valid_mosfet_058_60,CLEAN AFTER VIA ETCH,CLEAN PAD OPENING,CLEAN AFTER POLY ETCH,CLEAN AFTER METAL ETCH,CLEAN AFTER ETCH
valid_mosfet_058_80,PASSIVATION ETCH PAD OPENING,PASSIVATION ETCH,METAL PATTERN INSPECTION,POLY PATTERN INSPECTION,PATTERN INSPECTION LEVEL 1
valid_mosfet_059_60,CLEAN AFTER VIA ETCH,CLEAN PAD OPENING,CLEAN AFTER POLY ETCH,CLEAN AFTER METAL ETCH,CLEAN AFTER ETCH
valid_mosfet_059_80,DEVELOP PHOTORESIST,DEVELOP PAD WINDOW,SOFT BAKE,SPIN COAT PHOTORESIST,STRIP RESIST
valid_mosfet_060_60,MEASURE VIA CD,DEPOSIT BARRIER METAL,DEVELOP PHOTORESIST,SOFT BAKE,SPIN COAT PHOTORESIST
valid_mosfet_060_80,PASSIVATION ETCH PAD OPENING,PASSIVATION ETCH,METAL PATTERN INSPECTION,POLY PATTERN INSPECTION,PATTERN INSPECTION LEVEL 1
valid_mosfet_061_60,CLEAN AFTER VIA ETCH,CLEAN AFTER METAL ETCH,CLEAN PAD OPENING,CLEAN AFTER POLY ETCH,CLEAN AFTER ETCH
valid_mosfet_061_80,PASSIVATION ETCH PAD OPENING,PASSIVATION ETCH,METAL PATTERN INSPECTION,POLY PATTERN INSPECTION,PATTERN INSPECTION LEVEL 1
valid_mosfet_062_60,STRIP RESIST,STRIP PHOTORESIST,DEVELOP PHOTORESIST,SOFT BAKE,SPIN COAT PHOTORESIST
valid_mosfet_062_80,DEVELOP PAD WINDOW,DEVELOP PHOTORESIST,SOFT BAKE,SPIN COAT PHOTORESIST,STRIP RESIST
valid_mosfet_063_60,DEPOSIT BARRIER METAL,DEVELOP PHOTORESIST,SOFT BAKE,SPIN COAT PHOTORESIST,STRIP RESIST
valid_mosfet_063_80,CLEAN PAD OPENING,CLEAN AFTER VIA ETCH,CLEAN AFTER METAL ETCH,CLEAN AFTER POLY ETCH,CLEAN AFTER ETCH
valid_mosfet_064_60,MEASURE VIA CD,DEPOSIT BARRIER METAL,DEVELOP PHOTORESIST,SOFT BAKE,SPIN COAT PHOTORESIST
valid_mosfet_064_80,STRIP PHOTORESIST,STRIP RESIST,DEVELOP PHOTORESIST,SOFT BAKE,SPIN COAT PHOTORESIST
valid_mosfet_065_60,CLEAN AFTER VIA ETCH,CLEAN AFTER METAL ETCH,CLEAN PAD OPENING,CLEAN AFTER POLY ETCH,CLEAN AFTER ETCH
valid_mosfet_065_80,PAD WINDOW LITHO,OPEN PAD WINDOW LITHO,DEVELOP PHOTORESIST,SOFT BAKE,SPIN COAT PHOTORESIST
valid_mosfet_066_60,MEASURE VIA CD,DEPOSIT BARRIER METAL,DEVELOP PHOTORESIST,SOFT BAKE,SPIN COAT PHOTORESIST
valid_mosfet_066_80,PASSIVATION ETCH,PASSIVATION ETCH PAD OPENING,DEVELOP PHOTORESIST,SOFT BAKE,SPIN COAT PHOTORESIST
valid_mosfet_067_60,STRIP RESIST,STRIP PHOTORESIST,DEVELOP PHOTORESIST,SOFT BAKE,SPIN COAT PHOTORESIST
valid_mosfet_067_80,DEVELOP PHOTORESIST,DEVELOP PAD WINDOW,SOFT BAKE,SPIN COAT PHOTORESIST,STRIP RESIST
valid_mosfet_068_60,CLEAN AFTER VIA ETCH,CLEAN PAD OPENING,CLEAN AFTER POLY ETCH,CLEAN AFTER METAL ETCH,CLEAN AFTER ETCH
valid_mosfet_068_80,PASSIVATION ETCH,PASSIVATION ETCH PAD OPENING,DEVELOP PHOTORESIST,SOFT BAKE,SPIN COAT PHOTORESIST
valid_mosfet_069_60,MEASURE VIA CD,DEPOSIT BARRIER METAL,DEVELOP PHOTORESIST,SOFT BAKE,SPIN COAT PHOTORESIST
valid_mosfet_069_80,STRIP RESIST,STRIP PHOTORESIST,DEVELOP PHOTORESIST,SOFT BAKE,SPIN COAT PHOTORESIST
valid_mosfet_070_60,DEPOSIT BARRIER METAL,DEVELOP PHOTORESIST,SOFT BAKE,SPIN COAT PHOTORESIST,STRIP RESIST
valid_mosfet_070_80,STRIP PHOTORESIST,STRIP RESIST,DEVELOP PHOTORESIST,SOFT BAKE,SPIN COAT PHOTORESIST
valid_mosfet_071_60,MEASURE VIA CD,DEPOSIT BARRIER METAL,DEVELOP PHOTORESIST,SOFT BAKE,SPIN COAT PHOTORESIST
valid_mosfet_071_80,STRIP PHOTORESIST,STRIP RESIST,DEVELOP PHOTORESIST,SOFT BAKE,SPIN COAT PHOTORESIST
valid_mosfet_072_60,MEASURE VIA CD,DEPOSIT BARRIER METAL,DEVELOP PHOTORESIST,SOFT BAKE,SPIN COAT PHOTORESIST
valid_mosfet_072_80,PASSIVATION ETCH PAD OPENING,PASSIVATION ETCH,METAL PATTERN INSPECTION,POLY PATTERN INSPECTION,PATTERN INSPECTION LEVEL 1
valid_mosfet_073_60,DEPOSIT BARRIER METAL,DEVELOP PHOTORESIST,SOFT BAKE,SPIN COAT PHOTORESIST,STRIP RESIST
valid_mosfet_073_80,PASSIVATION ETCH PAD OPENING,PASSIVATION ETCH,DEVELOP PHOTORESIST,SOFT BAKE,SPIN COAT PHOTORESIST
valid_mosfet_074_60,DEPOSIT BARRIER METAL,DEVELOP PHOTORESIST,SOFT BAKE,SPIN COAT PHOTORESIST,STRIP RESIST
valid_mosfet_074_80,CLEAN PAD OPENING,CLEAN AFTER POLY ETCH,CLEAN AFTER METAL ETCH,CLEAN AFTER VIA ETCH,CLEAN AFTER ETCH
valid_mosfet_075_60,MEASURE VIA CD,DEPOSIT BARRIER METAL,DEVELOP PHOTORESIST,SOFT BAKE,SPIN COAT PHOTORESIST
valid_mosfet_075_80,PASSIVATION ETCH,PASSIVATION ETCH PAD OPENING,DEVELOP PHOTORESIST,SOFT BAKE,SPIN COAT PHOTORESIST
valid_mosfet_076_60,CLEAN AFTER VIA ETCH,CLEAN PAD OPENING,CLEAN AFTER POLY ETCH,CLEAN AFTER METAL ETCH,CLEAN AFTER ETCH
valid_mosfet_076_80,DEVELOP PAD WINDOW,DEVELOP PHOTORESIST,SOFT BAKE,SPIN COAT PHOTORESIST,STRIP RESIST
valid_mosfet_077_60,HARD BAKE,DIELECTRIC ETCH VIA,VIA ETCH,VIA ETCH THROUGH DIELECTRIC,DEVELOP PHOTORESIST
valid_mosfet_077_80,STRIP RESIST,STRIP PHOTORESIST,DEVELOP PHOTORESIST,SOFT BAKE,SPIN COAT PHOTORESIST
valid_mosfet_078_60,DEPOSIT METAL SEED,DEPOSIT TUNGSTEN SEED,DEVELOP PHOTORESIST,SOFT BAKE,SPIN COAT PHOTORESIST
valid_mosfet_078_80,CLEAN PAD OPENING,CLEAN AFTER POLY ETCH,CLEAN AFTER METAL ETCH,CLEAN AFTER VIA ETCH,CLEAN AFTER ETCH
valid_mosfet_079_60,DEPOSIT BARRIER METAL,DEVELOP PHOTORESIST,SOFT BAKE,SPIN COAT PHOTORESIST,STRIP RESIST
valid_mosfet_079_80,PASSIVATION ETCH PAD OPENING,PASSIVATION ETCH,METAL PATTERN INSPECTION,POLY PATTERN INSPECTION,PATTERN INSPECTION LEVEL 1
valid_mosfet_080_60,STRIP RESIST,STRIP PHOTORESIST,DEVELOP PHOTORESIST,SOFT BAKE,SPIN COAT PHOTORESIST
valid_mosfet_080_80,PASSIVATION ETCH PAD OPENING,PASSIVATION ETCH,METAL PATTERN INSPECTION,POLY PATTERN INSPECTION,PATTERN INSPECTION LEVEL 1
valid_mosfet_081_60,STRIP RESIST,STRIP PHOTORESIST,DEVELOP PHOTORESIST,SOFT BAKE,SPIN COAT PHOTORESIST
valid_mosfet_081_80,PASSIVATION ETCH PAD OPENING,PASSIVATION ETCH,METAL PATTERN INSPECTION,POLY PATTERN INSPECTION,PATTERN INSPECTION LEVEL 1
valid_mosfet_082_60,STRIP RESIST,STRIP PHOTORESIST,DEVELOP PHOTORESIST,SOFT BAKE,SPIN COAT PHOTORESIST
valid_mosfet_082_80,PASSIVATION ETCH PAD OPENING,PASSIVATION ETCH,METAL PATTERN INSPECTION,POLY PATTERN INSPECTION,PATTERN INSPECTION LEVEL 1
valid_mosfet_083_60,MEASURE VIA CD,DEPOSIT BARRIER METAL,DEVELOP PHOTORESIST,SOFT BAKE,SPIN COAT PHOTORESIST
valid_mosfet_083_80,STRIP RESIST,STRIP PHOTORESIST,DEVELOP PHOTORESIST,SOFT BAKE,SPIN COAT PHOTORESIST
valid_mosfet_084_60,MEASURE VIA CD,DEPOSIT BARRIER METAL,DEVELOP PHOTORESIST,SOFT BAKE,SPIN COAT PHOTORESIST
valid_mosfet_084_80,PASSIVATION ETCH PAD OPENING,PASSIVATION ETCH,METAL PATTERN INSPECTION,POLY PATTERN INSPECTION,PATTERN INSPECTION LEVEL 1
valid_mosfet_085_60,DEPOSIT METAL SEED,DEPOSIT TUNGSTEN SEED,DEVELOP PHOTORESIST,SOFT BAKE,SPIN COAT PHOTORESIST
valid_mosfet_085_80,CLEAN PAD OPENING,CLEAN AFTER POLY ETCH,CLEAN AFTER METAL ETCH,CLEAN AFTER VIA ETCH,CLEAN AFTER ETCH
valid_mosfet_086_60,DEPOSIT METAL SEED,DEPOSIT TUNGSTEN SEED,DEVELOP PHOTORESIST,SOFT BAKE,SPIN COAT PHOTORESIST
valid_mosfet_086_80,CLEAN PAD OPENING,CLEAN AFTER VIA ETCH,CLEAN AFTER METAL ETCH,CLEAN AFTER POLY ETCH,CLEAN AFTER ETCH
valid_mosfet_087_60,CLEAN AFTER VIA ETCH,CLEAN AFTER METAL ETCH,CLEAN PAD OPENING,CLEAN AFTER POLY ETCH,CLEAN AFTER ETCH
valid_mosfet_087_80,STRIP RESIST,STRIP PHOTORESIST,DEVELOP PHOTORESIST,SOFT BAKE,SPIN COAT PHOTORESIST
valid_mosfet_088_60,HARD BAKE,DIELECTRIC ETCH VIA,VIA ETCH,VIA ETCH THROUGH DIELECTRIC,DEVELOP PHOTORESIST
valid_mosfet_088_80,DEVELOP PAD WINDOW,DEVELOP PHOTORESIST,SOFT BAKE,SPIN COAT PHOTORESIST,STRIP RESIST
valid_mosfet_089_60,MEASURE VIA CD,DEPOSIT BARRIER METAL,DEVELOP PHOTORESIST,SOFT BAKE,SPIN COAT PHOTORESIST
valid_mosfet_089_80,CLEAN PAD OPENING,CLEAN AFTER VIA ETCH,CLEAN AFTER METAL ETCH,CLEAN AFTER POLY ETCH,CLEAN AFTER ETCH
valid_mosfet_090_60,MEASURE VIA CD,DEPOSIT BARRIER METAL,DEVELOP PHOTORESIST,SOFT BAKE,SPIN COAT PHOTORESIST
valid_mosfet_090_80,STRIP RESIST,STRIP PHOTORESIST,DEVELOP PHOTORESIST,SOFT BAKE,SPIN COAT PHOTORESIST
valid_mosfet_091_60,STRIP RESIST,STRIP PHOTORESIST,DEVELOP PHOTORESIST,SOFT BAKE,SPIN COAT PHOTORESIST
valid_mosfet_091_80,DEVELOP PAD WINDOW,DEVELOP PHOTORESIST,SOFT BAKE,SPIN COAT PHOTORESIST,STRIP RESIST
valid_mosfet_092_60,DEPOSIT METAL SEED,DEPOSIT TUNGSTEN SEED,DEVELOP PHOTORESIST,SOFT BAKE,SPIN COAT PHOTORESIST
valid_mosfet_092_80,CLEAN PAD OPENING,CLEAN AFTER VIA ETCH,CLEAN AFTER METAL ETCH,CLEAN AFTER POLY ETCH,CLEAN AFTER ETCH
valid_mosfet_093_60,MEASURE VIA CD,DEPOSIT BARRIER METAL,DEVELOP PHOTORESIST,SOFT BAKE,SPIN COAT PHOTORESIST
valid_mosfet_093_80,PASSIVATION ETCH PAD OPENING,PASSIVATION ETCH,METAL PATTERN INSPECTION,POLY PATTERN INSPECTION,PATTERN INSPECTION LEVEL 1
valid_mosfet_094_60,MEASURE VIA CD,DEPOSIT BARRIER METAL,DEVELOP PHOTORESIST,SOFT BAKE,SPIN COAT PHOTORESIST
valid_mosfet_094_80,DEVELOP PHOTORESIST,DEVELOP PAD WINDOW,SOFT BAKE,SPIN COAT PHOTORESIST,STRIP RESIST
valid_mosfet_095_60,CLEAN AFTER VIA ETCH,CLEAN AFTER METAL ETCH,CLEAN PAD OPENING,CLEAN AFTER POLY ETCH,CLEAN AFTER ETCH
valid_mosfet_095_80,PASSIVATION ETCH,PASSIVATION ETCH PAD OPENING,DEVELOP PHOTORESIST,SOFT BAKE,SPIN COAT PHOTORESIST
valid_mosfet_096_60,CLEAN AFTER VIA ETCH,CLEAN AFTER METAL ETCH,CLEAN PAD OPENING,CLEAN AFTER POLY ETCH,CLEAN AFTER ETCH
valid_mosfet_096_80,DEVELOP PHOTORESIST,DEVELOP PAD WINDOW,SOFT BAKE,SPIN COAT PHOTORESIST,STRIP RESIST
valid_mosfet_097_60,DEPOSIT METAL SEED,DEPOSIT TUNGSTEN SEED,DEVELOP PHOTORESIST,SOFT BAKE,SPIN COAT PHOTORESIST
valid_mosfet_097_80,CLEAN PAD OPENING,CLEAN AFTER VIA ETCH,CLEAN AFTER METAL ETCH,CLEAN AFTER POLY ETCH,CLEAN AFTER ETCH
valid_mosfet_098_60,CLEAN AFTER VIA ETCH,CLEAN PAD OPENING,CLEAN AFTER POLY ETCH,CLEAN AFTER METAL ETCH,CLEAN AFTER ETCH
valid_mosfet_098_80,PASSIVATION ETCH PAD OPENING,PASSIVATION ETCH,METAL PATTERN INSPECTION,POLY PATTERN INSPECTION,PATTERN INSPECTION LEVEL 1
valid_mosfet_099_60,STRIP PHOTORESIST,STRIP RESIST,DEVELOP PHOTORESIST,SOFT BAKE,SPIN COAT PHOTORESIST
valid_mosfet_099_80,PASSIVATION ETCH PAD OPENING,PASSIVATION ETCH,METAL PATTERN INSPECTION,POLY PATTERN INSPECTION,PATTERN INSPECTION LEVEL 1
valid_igbt_000_60,CMP DIELECTRIC,CMP INTERLAYER DIELECTRIC,SPIN COAT PHOTORESIST,DEVELOP PHOTORESIST,SOFT BAKE
valid_igbt_000_80,DEPOSIT PASSIVATION LAYER,DEPOSIT PASSIVATION,DEVELOP PHOTORESIST,SOFT BAKE,SPIN COAT PHOTORESIST
valid_igbt_001_60,CMP DIELECTRIC,CMP INTERLAYER DIELECTRIC,DEVELOP PHOTORESIST,SOFT BAKE,SPIN COAT PHOTORESIST
valid_igbt_001_80,CLEAN AFTER METAL ETCH,CLEAN PAD OPENING,CLEAN AFTER POLY ETCH,CLEAN AFTER VIA ETCH,CLEAN AFTER ETCH
valid_igbt_002_60,MEASURE DIELECTRIC THICKNESS,MEASURE FILM THICKNESS,SPIN COAT PHOTORESIST,DEVELOP PHOTORESIST,SOFT BAKE
valid_igbt_002_80,MEASURE PASSIVATION QUALITY,MEASURE PASSIVATION THICKNESS,DEVELOP PHOTORESIST,SOFT BAKE,SPIN COAT PHOTORESIST
valid_igbt_003_60,MEASURE FILM THICKNESS,MEASURE DIELECTRIC THICKNESS,SPIN COAT PHOTORESIST,DEVELOP PHOTORESIST,SOFT BAKE
valid_igbt_003_80,DEPOSIT PASSIVATION LAYER,DEPOSIT PASSIVATION,DEVELOP PHOTORESIST,SOFT BAKE,SPIN COAT PHOTORESIST
valid_igbt_004_60,MEASURE PLANARITY,MEASURE SURFACE PLANARITY,DEVELOP PHOTORESIST,SOFT BAKE,SPIN COAT PHOTORESIST
valid_igbt_004_80,MEASURE PASSIVATION QUALITY,MEASURE PASSIVATION THICKNESS,DEVELOP PHOTORESIST,SOFT BAKE,SPIN COAT PHOTORESIST
valid_igbt_005_60,MEASURE PLANARITY,MEASURE SURFACE PLANARITY,DEVELOP PHOTORESIST,SOFT BAKE,SPIN COAT PHOTORESIST
valid_igbt_005_80,CURE PASSIVATION,DEVELOP PHOTORESIST,SOFT BAKE,SPIN COAT PHOTORESIST,STRIP RESIST
valid_igbt_006_60,CMP INTERLAYER DIELECTRIC,CMP DIELECTRIC,DEVELOP PHOTORESIST,SOFT BAKE,SPIN COAT PHOTORESIST
valid_igbt_006_80,CURE PASSIVATION,DEVELOP PHOTORESIST,SOFT BAKE,SPIN COAT PHOTORESIST,STRIP RESIST
valid_igbt_007_60,MEASURE PLANARITY,MEASURE SURFACE PLANARITY,DEVELOP PHOTORESIST,SOFT BAKE,SPIN COAT PHOTORESIST
valid_igbt_007_80,CURE PASSIVATION,DEVELOP PHOTORESIST,SOFT BAKE,SPIN COAT PHOTORESIST,STRIP RESIST
valid_igbt_008_60,SOFT BAKE,DEVELOP PHOTORESIST,SPIN COAT PHOTORESIST,STRIP RESIST,STRIP PHOTORESIST
valid_igbt_008_80,MEASURE PASSIVATION THICKNESS,MEASURE PASSIVATION QUALITY,DEVELOP PHOTORESIST,SOFT BAKE,SPIN COAT PHOTORESIST
valid_igbt_009_60,MEASURE DIELECTRIC THICKNESS,MEASURE FILM THICKNESS,SPIN COAT PHOTORESIST,DEVELOP PHOTORESIST,SOFT BAKE
valid_igbt_009_80,DEPOSIT PASSIVATION LAYER,DEPOSIT PASSIVATION,DEVELOP PHOTORESIST,SOFT BAKE,SPIN COAT PHOTORESIST
valid_igbt_010_60,MEASURE FILM THICKNESS,MEASURE DIELECTRIC THICKNESS,DEVELOP PHOTORESIST,SOFT BAKE,SPIN COAT PHOTORESIST
valid_igbt_010_80,CURE PASSIVATION,DEVELOP PHOTORESIST,SOFT BAKE,SPIN COAT PHOTORESIST,STRIP RESIST
valid_igbt_011_60,SPIN COAT PHOTORESIST,DEVELOP PHOTORESIST,SOFT BAKE,STRIP RESIST,STRIP PHOTORESIST
valid_igbt_011_80,MEASURE PASSIVATION THICKNESS,MEASURE PASSIVATION QUALITY,DEVELOP PHOTORESIST,SOFT BAKE,SPIN COAT PHOTORESIST
valid_igbt_012_60,MEASURE SURFACE PLANARITY,MEASURE PLANARITY,DEVELOP PHOTORESIST,SOFT BAKE,SPIN COAT PHOTORESIST
valid_igbt_012_80,MEASURE LINE WIDTH,DEPOSIT PASSIVATION LAYER,DEPOSIT PASSIVATION,DEVELOP PHOTORESIST,SOFT BAKE
valid_igbt_013_60,MEASURE SURFACE PLANARITY,MEASURE PLANARITY,DEVELOP PHOTORESIST,SOFT BAKE,SPIN COAT PHOTORESIST
valid_igbt_013_80,MEASURE LINE WIDTH,DEPOSIT PASSIVATION LAYER,DEPOSIT PASSIVATION,DEVELOP PHOTORESIST,SOFT BAKE
valid_igbt_014_60,MEASURE FILM THICKNESS,MEASURE DIELECTRIC THICKNESS,DEVELOP PHOTORESIST,SOFT BAKE,SPIN COAT PHOTORESIST
valid_igbt_014_80,MEASURE LINE WIDTH,DEPOSIT PASSIVATION LAYER,DEPOSIT PASSIVATION,DEVELOP PHOTORESIST,SOFT BAKE
valid_igbt_015_60,SPIN COAT PHOTORESIST,DEVELOP PHOTORESIST,SOFT BAKE,STRIP RESIST,STRIP PHOTORESIST
valid_igbt_015_80,MEASURE PASSIVATION THICKNESS,MEASURE PASSIVATION QUALITY,DEVELOP PHOTORESIST,SOFT BAKE,SPIN COAT PHOTORESIST
valid_igbt_016_60,MEASURE FILM THICKNESS,MEASURE DIELECTRIC THICKNESS,DEVELOP PHOTORESIST,SOFT BAKE,SPIN COAT PHOTORESIST
valid_igbt_016_80,DEPOSIT PASSIVATION LAYER,DEPOSIT PASSIVATION,DEVELOP PHOTORESIST,SOFT BAKE,SPIN COAT PHOTORESIST
valid_igbt_017_60,MEASURE FILM THICKNESS,MEASURE DIELECTRIC THICKNESS,DEVELOP PHOTORESIST,SOFT BAKE,SPIN COAT PHOTORESIST
valid_igbt_017_80,DEPOSIT PASSIVATION LAYER,DEPOSIT PASSIVATION,DEVELOP PHOTORESIST,SOFT BAKE,SPIN COAT PHOTORESIST
valid_igbt_018_60,MEASURE PLANARITY,MEASURE SURFACE PLANARITY,DEVELOP PHOTORESIST,SOFT BAKE,SPIN COAT PHOTORESIST
valid_igbt_018_80,CURE PASSIVATION,DEVELOP PHOTORESIST,SOFT BAKE,SPIN COAT PHOTORESIST,STRIP RESIST
valid_igbt_019_60,MEASURE SURFACE PLANARITY,MEASURE PLANARITY,DEVELOP PHOTORESIST,SOFT BAKE,SPIN COAT PHOTORESIST
valid_igbt_019_80,CURE PASSIVATION,DEVELOP PHOTORESIST,SOFT BAKE,SPIN COAT PHOTORESIST,STRIP RESIST
valid_igbt_020_60,SPIN COAT PHOTORESIST,CMP INTERLAYER DIELECTRIC,CMP DIELECTRIC,DEVELOP PHOTORESIST,SOFT BAKE
valid_igbt_020_80,CURE PASSIVATION,DEVELOP PHOTORESIST,SOFT BAKE,SPIN COAT PHOTORESIST,STRIP RESIST
valid_igbt_021_60,MEASURE PLANARITY,MEASURE SURFACE PLANARITY,DEVELOP PHOTORESIST,SOFT BAKE,SPIN COAT PHOTORESIST
valid_igbt_021_80,CURE PASSIVATION,DEVELOP PHOTORESIST,SOFT BAKE,SPIN COAT PHOTORESIST,STRIP RESIST
valid_igbt_022_60,CMP DIELECTRIC,CMP INTERLAYER DIELECTRIC,SPIN COAT PHOTORESIST,DEVELOP PHOTORESIST,SOFT BAKE
valid_igbt_022_80,MEASURE LINE WIDTH,DEPOSIT PASSIVATION LAYER,DEPOSIT PASSIVATION,DEVELOP PHOTORESIST,SOFT BAKE
valid_igbt_023_60,MEASURE PLANARITY,MEASURE SURFACE PLANARITY,DEVELOP PHOTORESIST,SOFT BAKE,SPIN COAT PHOTORESIST
valid_igbt_023_80,CURE PASSIVATION,DEVELOP PHOTORESIST,SOFT BAKE,SPIN COAT PHOTORESIST,STRIP RESIST
valid_igbt_024_60,SOFT BAKE,DEVELOP PHOTORESIST,SPIN COAT PHOTORESIST,STRIP RESIST,STRIP PHOTORESIST
valid_igbt_024_80,CURE PASSIVATION,DEVELOP PHOTORESIST,SOFT BAKE,SPIN COAT PHOTORESIST,STRIP RESIST
valid_igbt_025_60,MEASURE SURFACE PLANARITY,MEASURE PLANARITY,DEVELOP PHOTORESIST,SOFT BAKE,SPIN COAT PHOTORESIST
valid_igbt_025_80,CURE PASSIVATION,DEVELOP PHOTORESIST,SOFT BAKE,SPIN COAT PHOTORESIST,STRIP RESIST
valid_igbt_026_60,MEASURE PLANARITY,MEASURE SURFACE PLANARITY,DEVELOP PHOTORESIST,SOFT BAKE,SPIN COAT PHOTORESIST
valid_igbt_026_80,MEASURE PASSIVATION QUALITY,MEASURE PASSIVATION THICKNESS,DEVELOP PHOTORESIST,SOFT BAKE,SPIN COAT PHOTORESIST
valid_igbt_027_60,CMP DIELECTRIC,CMP INTERLAYER DIELECTRIC,SPIN COAT PHOTORESIST,DEVELOP PHOTORESIST,SOFT BAKE
valid_igbt_027_80,DEPOSIT PASSIVATION LAYER,DEPOSIT PASSIVATION,DEVELOP PHOTORESIST,SOFT BAKE,SPIN COAT PHOTORESIST
valid_igbt_028_60,ALIGN MASK LEVEL 3,ALIGN MASK LEVEL 2,ALIGN MASK LEVEL 4,ALIGN MASK LEVEL 1,ALIGN MASK LEVEL 5
valid_igbt_028_80,MEASURE PASSIVATION QUALITY,MEASURE PASSIVATION THICKNESS,DEVELOP PHOTORESIST,SOFT BAKE,SPIN COAT PHOTORESIST
valid_igbt_029_60,MEASURE PLANARITY,MEASURE SURFACE PLANARITY,DEVELOP PHOTORESIST,SOFT BAKE,SPIN COAT PHOTORESIST
valid_igbt_029_80,DEPOSIT PASSIVATION LAYER,DEPOSIT PASSIVATION,DEVELOP PHOTORESIST,SOFT BAKE,SPIN COAT PHOTORESIST
valid_igbt_030_60,DENSIFY OXIDE,DENSIFY DIELECTRIC,DEVELOP PHOTORESIST,SOFT BAKE,SPIN COAT PHOTORESIST
valid_igbt_030_80,MEASURE LINE WIDTH,DEPOSIT PASSIVATION LAYER,DEPOSIT PASSIVATION,DEVELOP PHOTORESIST,SOFT BAKE
valid_igbt_031_60,CMP DIELECTRIC,CMP INTERLAYER DIELECTRIC,DEVELOP PHOTORESIST,SOFT BAKE,SPIN COAT PHOTORESIST
valid_igbt_031_80,MEASURE LINE WIDTH,DEPOSIT PASSIVATION LAYER,DEPOSIT PASSIVATION,DEVELOP PHOTORESIST,SOFT BAKE
valid_igbt_032_60,MEASURE PLANARITY,MEASURE SURFACE PLANARITY,DEVELOP PHOTORESIST,SOFT BAKE,SPIN COAT PHOTORESIST
valid_igbt_032_80,DEPOSIT PASSIVATION LAYER,DEPOSIT PASSIVATION,DEVELOP PHOTORESIST,SOFT BAKE,SPIN COAT PHOTORESIST
valid_igbt_033_60,CMP INTERLAYER DIELECTRIC,CMP DIELECTRIC,DEVELOP PHOTORESIST,SOFT BAKE,SPIN COAT PHOTORESIST
valid_igbt_033_80,CURE PASSIVATION,DEVELOP PHOTORESIST,SOFT BAKE,SPIN COAT PHOTORESIST,STRIP RESIST
valid_igbt_034_60,SPIN COAT PHOTORESIST,CMP INTERLAYER DIELECTRIC,CMP DIELECTRIC,DEVELOP PHOTORESIST,SOFT BAKE
valid_igbt_034_80,CURE PASSIVATION,DEVELOP PHOTORESIST,SOFT BAKE,SPIN COAT PHOTORESIST,STRIP RESIST
valid_igbt_035_60,SPIN COAT PHOTORESIST,DEVELOP PHOTORESIST,SOFT BAKE,STRIP RESIST,STRIP PHOTORESIST
valid_igbt_035_80,MEASURE PASSIVATION THICKNESS,MEASURE PASSIVATION QUALITY,DEVELOP PHOTORESIST,SOFT BAKE,SPIN COAT PHOTORESIST
valid_igbt_036_60,MEASURE SURFACE PLANARITY,MEASURE PLANARITY,DEVELOP PHOTORESIST,SOFT BAKE,SPIN COAT PHOTORESIST
valid_igbt_036_80,CURE PASSIVATION,DEVELOP PHOTORESIST,SOFT BAKE,SPIN COAT PHOTORESIST,STRIP RESIST
valid_igbt_037_60,SPIN COAT PHOTORESIST,DEVELOP PHOTORESIST,SOFT BAKE,STRIP RESIST,STRIP PHOTORESIST
valid_igbt_037_80,CURE PASSIVATION,DEVELOP PHOTORESIST,SOFT BAKE,SPIN COAT PHOTORESIST,STRIP RESIST
valid_igbt_038_60,CMP INTERLAYER DIELECTRIC,CMP DIELECTRIC,DEVELOP PHOTORESIST,SOFT BAKE,SPIN COAT PHOTORESIST
valid_igbt_038_80,CURE PASSIVATION,DEVELOP PHOTORESIST,SOFT BAKE,SPIN COAT PHOTORESIST,STRIP RESIST
valid_igbt_039_60,CMP INTERLAYER DIELECTRIC,CMP DIELECTRIC,DEVELOP PHOTORESIST,SOFT BAKE,SPIN COAT PHOTORESIST
valid_igbt_039_80,CURE PASSIVATION,DEVELOP PHOTORESIST,SOFT BAKE,SPIN COAT PHOTORESIST,STRIP RESIST
valid_igbt_040_60,MEASURE PLANARITY,MEASURE SURFACE PLANARITY,DEVELOP PHOTORESIST,SOFT BAKE,SPIN COAT PHOTORESIST
valid_igbt_040_80,CURE PASSIVATION,DEVELOP PHOTORESIST,SOFT BAKE,SPIN COAT PHOTORESIST,STRIP RESIST
valid_igbt_041_60,MEASURE FILM THICKNESS,MEASURE DIELECTRIC THICKNESS,DEVELOP PHOTORESIST,SOFT BAKE,SPIN COAT PHOTORESIST
valid_igbt_041_80,CURE PASSIVATION,DEVELOP PHOTORESIST,SOFT BAKE,SPIN COAT PHOTORESIST,STRIP RESIST
valid_igbt_042_60,SPIN COAT PHOTORESIST,DEVELOP PHOTORESIST,SOFT BAKE,STRIP RESIST,STRIP PHOTORESIST
valid_igbt_042_80,MEASURE PASSIVATION THICKNESS,MEASURE PASSIVATION QUALITY,DEVELOP PHOTORESIST,SOFT BAKE,SPIN COAT PHOTORESIST
valid_igbt_043_60,MEASURE PLANARITY,MEASURE SURFACE PLANARITY,DEVELOP PHOTORESIST,SOFT BAKE,SPIN COAT PHOTORESIST
valid_igbt_043_80,MEASURE PASSIVATION QUALITY,MEASURE PASSIVATION THICKNESS,DEVELOP PHOTORESIST,SOFT BAKE,SPIN COAT PHOTORESIST
valid_igbt_044_60,CMP INTERLAYER DIELECTRIC,CMP DIELECTRIC,DEVELOP PHOTORESIST,SOFT BAKE,SPIN COAT PHOTORESIST
valid_igbt_044_80,CURE PASSIVATION,DEVELOP PHOTORESIST,SOFT BAKE,SPIN COAT PHOTORESIST,STRIP RESIST
valid_igbt_045_60,SPIN COAT PHOTORESIST,DEVELOP PHOTORESIST,SOFT BAKE,STRIP RESIST,STRIP PHOTORESIST
valid_igbt_045_80,MEASURE PASSIVATION QUALITY,MEASURE PASSIVATION THICKNESS,DEVELOP PHOTORESIST,SOFT BAKE,SPIN COAT PHOTORESIST
valid_igbt_046_60,SPIN COAT PHOTORESIST,DEVELOP PHOTORESIST,SOFT BAKE,STRIP RESIST,STRIP PHOTORESIST
valid_igbt_046_80,CURE PASSIVATION,DEVELOP PHOTORESIST,SOFT BAKE,SPIN COAT PHOTORESIST,STRIP RESIST
valid_igbt_047_60,SPIN COAT PHOTORESIST,DEVELOP PHOTORESIST,SOFT BAKE,STRIP RESIST,STRIP PHOTORESIST
valid_igbt_047_80,CURE PASSIVATION,DEVELOP PHOTORESIST,SOFT BAKE,SPIN COAT PHOTORESIST,STRIP RESIST
valid_igbt_048_60,MEASURE SURFACE PLANARITY,MEASURE PLANARITY,DEVELOP PHOTORESIST,SOFT BAKE,SPIN COAT PHOTORESIST
valid_igbt_048_80,MEASURE LINE WIDTH,DEPOSIT PASSIVATION LAYER,DEPOSIT PASSIVATION,DEVELOP PHOTORESIST,SOFT BAKE
valid_igbt_049_60,SPIN COAT PHOTORESIST,DEVELOP PHOTORESIST,SOFT BAKE,STRIP RESIST,STRIP PHOTORESIST
valid_igbt_049_80,MEASURE PASSIVATION THICKNESS,MEASURE PASSIVATION QUALITY,DEVELOP PHOTORESIST,SOFT BAKE,SPIN COAT PHOTORESIST
valid_igbt_050_60,CMP INTERLAYER DIELECTRIC,CMP DIELECTRIC,DEVELOP PHOTORESIST,SOFT BAKE,SPIN COAT PHOTORESIST
valid_igbt_050_80,CURE PASSIVATION,DEVELOP PHOTORESIST,SOFT BAKE,SPIN COAT PHOTORESIST,STRIP RESIST
valid_igbt_051_60,MEASURE PLANARITY,MEASURE SURFACE PLANARITY,DEVELOP PHOTORESIST,SOFT BAKE,SPIN COAT PHOTORESIST
valid_igbt_051_80,DEPOSIT PASSIVATION LAYER,DEPOSIT PASSIVATION,DEVELOP PHOTORESIST,SOFT BAKE,SPIN COAT PHOTORESIST
valid_igbt_052_60,CMP DIELECTRIC,CMP INTERLAYER DIELECTRIC,SPIN COAT PHOTORESIST,DEVELOP PHOTORESIST,SOFT BAKE
valid_igbt_052_80,MEASURE LINE WIDTH,DEPOSIT PASSIVATION LAYER,DEPOSIT PASSIVATION,DEVELOP PHOTORESIST,SOFT BAKE
valid_igbt_053_60,MEASURE FILM THICKNESS,MEASURE DIELECTRIC THICKNESS,DEVELOP PHOTORESIST,SOFT BAKE,SPIN COAT PHOTORESIST
valid_igbt_053_80,MEASURE PASSIVATION QUALITY,MEASURE PASSIVATION THICKNESS,DEVELOP PHOTORESIST,SOFT BAKE,SPIN COAT PHOTORESIST
valid_igbt_054_60,SPIN COAT PHOTORESIST,DEVELOP PHOTORESIST,SOFT BAKE,STRIP RESIST,STRIP PHOTORESIST
valid_igbt_054_80,MEASURE PASSIVATION QUALITY,MEASURE PASSIVATION THICKNESS,DEVELOP PHOTORESIST,SOFT BAKE,SPIN COAT PHOTORESIST
valid_igbt_055_60,CMP INTERLAYER DIELECTRIC,CMP DIELECTRIC,DEVELOP PHOTORESIST,SOFT BAKE,SPIN COAT PHOTORESIST
valid_igbt_055_80,CURE PASSIVATION,DEVELOP PHOTORESIST,SOFT BAKE,SPIN COAT PHOTORESIST,STRIP RESIST
valid_igbt_056_60,MEASURE SURFACE PLANARITY,MEASURE PLANARITY,DEVELOP PHOTORESIST,SOFT BAKE,SPIN COAT PHOTORESIST
valid_igbt_056_80,CURE PASSIVATION,DEVELOP PHOTORESIST,SOFT BAKE,SPIN COAT PHOTORESIST,STRIP RESIST
valid_igbt_057_60,MEASURE DIELECTRIC THICKNESS,MEASURE FILM THICKNESS,SPIN COAT PHOTORESIST,DEVELOP PHOTORESIST,SOFT BAKE
valid_igbt_057_80,DEPOSIT PASSIVATION LAYER,DEPOSIT PASSIVATION,DEVELOP PHOTORESIST,SOFT BAKE,SPIN COAT PHOTORESIST
valid_igbt_058_60,SOFT BAKE,DEVELOP PHOTORESIST,SPIN COAT PHOTORESIST,STRIP RESIST,STRIP PHOTORESIST
valid_igbt_058_80,CURE PASSIVATION,DEVELOP PHOTORESIST,SOFT BAKE,SPIN COAT PHOTORESIST,STRIP RESIST
valid_igbt_059_60,MEASURE PLANARITY,MEASURE SURFACE PLANARITY,DEVELOP PHOTORESIST,SOFT BAKE,SPIN COAT PHOTORESIST
valid_igbt_059_80,DEPOSIT PASSIVATION LAYER,DEPOSIT PASSIVATION,DEVELOP PHOTORESIST,SOFT BAKE,SPIN COAT PHOTORESIST
valid_igbt_060_60,SPIN COAT PHOTORESIST,DEVELOP PHOTORESIST,SOFT BAKE,STRIP RESIST,STRIP PHOTORESIST
valid_igbt_060_80,CURE PASSIVATION,DEVELOP PHOTORESIST,SOFT BAKE,SPIN COAT PHOTORESIST,STRIP RESIST
valid_igbt_061_60,SPIN COAT PHOTORESIST,DEVELOP PHOTORESIST,SOFT BAKE,STRIP RESIST,STRIP PHOTORESIST
valid_igbt_061_80,MEASURE PASSIVATION QUALITY,MEASURE PASSIVATION THICKNESS,DEVELOP PHOTORESIST,SOFT BAKE,SPIN COAT PHOTORESIST
valid_igbt_062_60,CMP DIELECTRIC,CMP INTERLAYER DIELECTRIC,SPIN COAT PHOTORESIST,DEVELOP PHOTORESIST,SOFT BAKE
valid_igbt_062_80,CURE PASSIVATION,DEVELOP PHOTORESIST,SOFT BAKE,SPIN COAT PHOTORESIST,STRIP RESIST
valid_igbt_063_60,CMP DIELECTRIC,CMP INTERLAYER DIELECTRIC,DEVELOP PHOTORESIST,SOFT BAKE,SPIN COAT PHOTORESIST
valid_igbt_063_80,CURE PASSIVATION,DEVELOP PHOTORESIST,SOFT BAKE,SPIN COAT PHOTORESIST,STRIP RESIST
valid_igbt_064_60,MEASURE PLANARITY,MEASURE SURFACE PLANARITY,DEVELOP PHOTORESIST,SOFT BAKE,SPIN COAT PHOTORESIST
valid_igbt_064_80,MEASURE PASSIVATION THICKNESS,MEASURE PASSIVATION QUALITY,DEVELOP PHOTORESIST,SOFT BAKE,SPIN COAT PHOTORESIST
valid_igbt_065_60,CMP INTERLAYER DIELECTRIC,CMP DIELECTRIC,DEVELOP PHOTORESIST,SOFT BAKE,SPIN COAT PHOTORESIST
valid_igbt_065_80,CURE PASSIVATION,DEVELOP PHOTORESIST,SOFT BAKE,SPIN COAT PHOTORESIST,STRIP RESIST
valid_igbt_066_60,MEASURE PLANARITY,MEASURE SURFACE PLANARITY,DEVELOP PHOTORESIST,SOFT BAKE,SPIN COAT PHOTORESIST
valid_igbt_066_80,DEPOSIT PASSIVATION LAYER,DEPOSIT PASSIVATION,DEVELOP PHOTORESIST,SOFT BAKE,SPIN COAT PHOTORESIST
valid_igbt_067_60,ALIGN MASK LEVEL 3,ALIGN MASK LEVEL 2,ALIGN MASK LEVEL 4,ALIGN MASK LEVEL 1,ALIGN MASK LEVEL 5
valid_igbt_067_80,MEASURE PASSIVATION QUALITY,MEASURE PASSIVATION THICKNESS,DEVELOP PHOTORESIST,SOFT BAKE,SPIN COAT PHOTORESIST
valid_igbt_068_60,SOFT BAKE,DEVELOP PHOTORESIST,SPIN COAT PHOTORESIST,STRIP RESIST,STRIP PHOTORESIST
valid_igbt_068_80,CURE PASSIVATION,DEVELOP PHOTORESIST,SOFT BAKE,SPIN COAT PHOTORESIST,STRIP RESIST
valid_igbt_069_60,MEASURE SURFACE PLANARITY,MEASURE PLANARITY,DEVELOP PHOTORESIST,SOFT BAKE,SPIN COAT PHOTORESIST
valid_igbt_069_80,DEPOSIT PASSIVATION LAYER,DEPOSIT PASSIVATION,DEVELOP PHOTORESIST,SOFT BAKE,SPIN COAT PHOTORESIST
valid_igbt_070_60,MEASURE SURFACE PLANARITY,MEASURE PLANARITY,DEVELOP PHOTORESIST,SOFT BAKE,SPIN COAT PHOTORESIST
valid_igbt_070_80,CURE PASSIVATION,DEVELOP PHOTORESIST,SOFT BAKE,SPIN COAT PHOTORESIST,STRIP RESIST
valid_igbt_071_60,CMP INTERLAYER DIELECTRIC,CMP DIELECTRIC,DEVELOP PHOTORESIST,SOFT BAKE,SPIN COAT PHOTORESIST
valid_igbt_071_80,CURE PASSIVATION,DEVELOP PHOTORESIST,SOFT BAKE,SPIN COAT PHOTORESIST,STRIP RESIST
valid_igbt_072_60,MEASURE PLANARITY,MEASURE SURFACE PLANARITY,DEVELOP PHOTORESIST,SOFT BAKE,SPIN COAT PHOTORESIST
valid_igbt_072_80,MEASURE LINE WIDTH,DEPOSIT PASSIVATION LAYER,DEPOSIT PASSIVATION,DEVELOP PHOTORESIST,SOFT BAKE
valid_igbt_073_60,MEASURE SURFACE PLANARITY,MEASURE PLANARITY,DEVELOP PHOTORESIST,SOFT BAKE,SPIN COAT PHOTORESIST
valid_igbt_073_80,CURE PASSIVATION,DEVELOP PHOTORESIST,SOFT BAKE,SPIN COAT PHOTORESIST,STRIP RESIST
valid_igbt_074_60,SOFT BAKE,DEVELOP PHOTORESIST,SPIN COAT PHOTORESIST,STRIP RESIST,STRIP PHOTORESIST
valid_igbt_074_80,DEPOSIT PASSIVATION LAYER,DEPOSIT PASSIVATION,DEVELOP PHOTORESIST,SOFT BAKE,SPIN COAT PHOTORESIST
valid_igbt_075_60,MEASURE PLANARITY,MEASURE SURFACE PLANARITY,DEVELOP PHOTORESIST,SOFT BAKE,SPIN COAT PHOTORESIST
valid_igbt_075_80,CURE PASSIVATION,DEVELOP PHOTORESIST,SOFT BAKE,SPIN COAT PHOTORESIST,STRIP RESIST
valid_igbt_076_60,MEASURE SURFACE PLANARITY,MEASURE PLANARITY,DEVELOP PHOTORESIST,SOFT BAKE,SPIN COAT PHOTORESIST
valid_igbt_076_80,MEASURE PASSIVATION THICKNESS,MEASURE PASSIVATION QUALITY,DEVELOP PHOTORESIST,SOFT BAKE,SPIN COAT PHOTORESIST
valid_igbt_077_60,CMP DIELECTRIC,CMP INTERLAYER DIELECTRIC,DEVELOP PHOTORESIST,SOFT BAKE,SPIN COAT PHOTORESIST
valid_igbt_077_80,MEASURE LINE WIDTH,DEPOSIT PASSIVATION LAYER,DEPOSIT PASSIVATION,DEVELOP PHOTORESIST,SOFT BAKE
valid_igbt_078_60,SPIN COAT PHOTORESIST,DEVELOP PHOTORESIST,SOFT BAKE,STRIP RESIST,STRIP PHOTORESIST
valid_igbt_078_80,DEPOSIT PASSIVATION LAYER,DEPOSIT PASSIVATION,DEVELOP PHOTORESIST,SOFT BAKE,SPIN COAT PHOTORESIST
valid_igbt_079_60,MEASURE PLANARITY,MEASURE SURFACE PLANARITY,DEVELOP PHOTORESIST,SOFT BAKE,SPIN COAT PHOTORESIST
valid_igbt_079_80,DEPOSIT PASSIVATION LAYER,DEPOSIT PASSIVATION,DEVELOP PHOTORESIST,SOFT BAKE,SPIN COAT PHOTORESIST
valid_igbt_080_60,MEASURE FILM THICKNESS,MEASURE DIELECTRIC THICKNESS,DEVELOP PHOTORESIST,SOFT BAKE,SPIN COAT PHOTORESIST
valid_igbt_080_80,DEPOSIT PASSIVATION LAYER,DEPOSIT PASSIVATION,DEVELOP PHOTORESIST,SOFT BAKE,SPIN COAT PHOTORESIST
valid_igbt_081_60,SPIN COAT PHOTORESIST,DEVELOP PHOTORESIST,SOFT BAKE,STRIP RESIST,STRIP PHOTORESIST
valid_igbt_081_80,CURE PASSIVATION,DEVELOP PHOTORESIST,SOFT BAKE,SPIN COAT PHOTORESIST,STRIP RESIST
valid_igbt_082_60,MEASURE SURFACE PLANARITY,MEASURE PLANARITY,DEVELOP PHOTORESIST,SOFT BAKE,SPIN COAT PHOTORESIST
valid_igbt_082_80,CURE PASSIVATION,DEVELOP PHOTORESIST,SOFT BAKE,SPIN COAT PHOTORESIST,STRIP RESIST
valid_igbt_083_60,MEASURE FILM THICKNESS,MEASURE DIELECTRIC THICKNESS,DEVELOP PHOTORESIST,SOFT BAKE,SPIN COAT PHOTORESIST
valid_igbt_083_80,CLEAN AFTER METAL ETCH,CLEAN PAD OPENING,CLEAN AFTER POLY ETCH,CLEAN AFTER VIA ETCH,CLEAN AFTER ETCH
valid_igbt_084_60,CMP DIELECTRIC,CMP INTERLAYER DIELECTRIC,DEVELOP PHOTORESIST,SOFT BAKE,SPIN COAT PHOTORESIST
valid_igbt_084_80,MEASURE LINE WIDTH,DEPOSIT PASSIVATION LAYER,DEPOSIT PASSIVATION,DEVELOP PHOTORESIST,SOFT BAKE
valid_igbt_085_60,CMP DIELECTRIC,CMP INTERLAYER DIELECTRIC,SPIN COAT PHOTORESIST,DEVELOP PHOTORESIST,SOFT BAKE
valid_igbt_085_80,DEPOSIT PASSIVATION LAYER,DEPOSIT PASSIVATION,DEVELOP PHOTORESIST,SOFT BAKE,SPIN COAT PHOTORESIST
valid_igbt_086_60,SPIN COAT PHOTORESIST,DEVELOP PHOTORESIST,SOFT BAKE,STRIP RESIST,STRIP PHOTORESIST
valid_igbt_086_80,CURE PASSIVATION,DEVELOP PHOTORESIST,SOFT BAKE,SPIN COAT PHOTORESIST,STRIP RESIST
valid_igbt_087_60,MEASURE DIELECTRIC THICKNESS,MEASURE FILM THICKNESS,SPIN COAT PHOTORESIST,DEVELOP PHOTORESIST,SOFT BAKE
valid_igbt_087_80,DEPOSIT PASSIVATION LAYER,DEPOSIT PASSIVATION,DEVELOP PHOTORESIST,SOFT BAKE,SPIN COAT PHOTORESIST
valid_igbt_088_60,MEASURE SURFACE PLANARITY,MEASURE PLANARITY,DEVELOP PHOTORESIST,SOFT BAKE,SPIN COAT PHOTORESIST
valid_igbt_088_80,DEPOSIT PASSIVATION LAYER,DEPOSIT PASSIVATION,DEVELOP PHOTORESIST,SOFT BAKE,SPIN COAT PHOTORESIST
valid_igbt_089_60,MEASURE PLANARITY,MEASURE SURFACE PLANARITY,DEVELOP PHOTORESIST,SOFT BAKE,SPIN COAT PHOTORESIST
valid_igbt_089_80,CURE PASSIVATION,DEVELOP PHOTORESIST,SOFT BAKE,SPIN COAT PHOTORESIST,STRIP RESIST
valid_igbt_090_60,MEASURE DIELECTRIC THICKNESS,MEASURE FILM THICKNESS,SPIN COAT PHOTORESIST,DEVELOP PHOTORESIST,SOFT BAKE
valid_igbt_090_80,CURE PASSIVATION,DEVELOP PHOTORESIST,SOFT BAKE,SPIN COAT PHOTORESIST,STRIP RESIST
valid_igbt_091_60,MEASURE SURFACE PLANARITY,MEASURE PLANARITY,DEVELOP PHOTORESIST,SOFT BAKE,SPIN COAT PHOTORESIST
valid_igbt_091_80,CURE PASSIVATION,DEVELOP PHOTORESIST,SOFT BAKE,SPIN COAT PHOTORESIST,STRIP RESIST
valid_igbt_092_60,SPIN COAT PHOTORESIST,DEVELOP PHOTORESIST,SOFT BAKE,STRIP RESIST,STRIP PHOTORESIST
valid_igbt_092_80,MEASURE PASSIVATION QUALITY,MEASURE PASSIVATION THICKNESS,DEVELOP PHOTORESIST,SOFT BAKE,SPIN COAT PHOTORESIST
valid_igbt_093_60,SPIN COAT PHOTORESIST,CMP INTERLAYER DIELECTRIC,CMP DIELECTRIC,DEVELOP PHOTORESIST,SOFT BAKE
valid_igbt_093_80,DEPOSIT PASSIVATION LAYER,DEPOSIT PASSIVATION,DEVELOP PHOTORESIST,SOFT BAKE,SPIN COAT PHOTORESIST
valid_igbt_094_60,SPIN COAT PHOTORESIST,CMP INTERLAYER DIELECTRIC,CMP DIELECTRIC,DEVELOP PHOTORESIST,SOFT BAKE
valid_igbt_094_80,CURE PASSIVATION,DEVELOP PHOTORESIST,SOFT BAKE,SPIN COAT PHOTORESIST,STRIP RESIST
valid_igbt_095_60,CMP DIELECTRIC,CMP INTERLAYER DIELECTRIC,DEVELOP PHOTORESIST,SOFT BAKE,SPIN COAT PHOTORESIST
valid_igbt_095_80,MEASURE PASSIVATION QUALITY,MEASURE PASSIVATION THICKNESS,DEVELOP PHOTORESIST,SOFT BAKE,SPIN COAT PHOTORESIST
valid_igbt_096_60,MEASURE PLANARITY,MEASURE SURFACE PLANARITY,DEVELOP PHOTORESIST,SOFT BAKE,SPIN COAT PHOTORESIST
valid_igbt_096_80,DEPOSIT PASSIVATION LAYER,DEPOSIT PASSIVATION,DEVELOP PHOTORESIST,SOFT BAKE,SPIN COAT PHOTORESIST
valid_igbt_097_60,ALIGN MASK LEVEL 3,ALIGN MASK LEVEL 2,ALIGN MASK LEVEL 4,ALIGN MASK LEVEL 1,ALIGN MASK LEVEL 5
valid_igbt_097_80,CURE PASSIVATION,DEVELOP PHOTORESIST,SOFT BAKE,SPIN COAT PHOTORESIST,STRIP RESIST
valid_igbt_098_60,MEASURE PLANARITY,MEASURE SURFACE PLANARITY,DEVELOP PHOTORESIST,SOFT BAKE,SPIN COAT PHOTORESIST
valid_igbt_098_80,CURE PASSIVATION,DEVELOP PHOTORESIST,SOFT BAKE,SPIN COAT PHOTORESIST,STRIP RESIST
valid_igbt_099_60,CMP INTERLAYER DIELECTRIC,CMP DIELECTRIC,DEVELOP PHOTORESIST,SOFT BAKE,SPIN COAT PHOTORESIST
valid_igbt_099_80,CURE PASSIVATION,DEVELOP PHOTORESIST,SOFT BAKE,SPIN COAT PHOTORESIST,STRIP RESIST
valid_ic_000_60,VIA ETCH THROUGH DIELECTRIC,VIA ETCH,DIELECTRIC ETCH VIA,OXIDE ETCH DRY,OXIDE ETCH
valid_ic_000_80,MEASURE PASSIVATION THICKNESS,MEASURE PASSIVATION QUALITY,DEVELOP PHOTORESIST,SOFT BAKE,SPIN COAT PHOTORESIST
valid_ic_001_60,DEPOSIT BARRIER METAL,DEVELOP PHOTORESIST,SOFT BAKE,SPIN COAT PHOTORESIST,STRIP RESIST
valid_ic_001_80,DEVELOP PHOTORESIST,DEVELOP PAD WINDOW,SOFT BAKE,SPIN COAT PHOTORESIST,STRIP RESIST
valid_ic_002_60,HARD BAKE,VIA ETCH THROUGH DIELECTRIC,VIA ETCH,DIELECTRIC ETCH VIA,DEVELOP PHOTORESIST
valid_ic_002_80,DEVELOP PHOTORESIST,DEVELOP PAD WINDOW,SOFT BAKE,SPIN COAT PHOTORESIST,STRIP RESIST
valid_ic_003_60,DEPOSIT BARRIER METAL,DEVELOP PHOTORESIST,SOFT BAKE,SPIN COAT PHOTORESIST,STRIP RESIST
valid_ic_003_80,PAD WINDOW LITHO,OPEN PAD WINDOW LITHO,DEVELOP PHOTORESIST,SOFT BAKE,SPIN COAT PHOTORESIST
valid_ic_004_60,MEASURE VIA CD,DEPOSIT BARRIER METAL,DEVELOP PHOTORESIST,SOFT BAKE,SPIN COAT PHOTORESIST
valid_ic_004_80,PAD WINDOW LITHO,OPEN PAD WINDOW LITHO,DEVELOP PHOTORESIST,SOFT BAKE,SPIN COAT PHOTORESIST
valid_ic_005_60,CLEAN AFTER VIA ETCH,CLEAN PAD OPENING,CLEAN AFTER POLY ETCH,CLEAN AFTER METAL ETCH,CLEAN AFTER ETCH
valid_ic_005_80,OPEN PAD WINDOW LITHO,PAD WINDOW LITHO,DEVELOP PHOTORESIST,SOFT BAKE,SPIN COAT PHOTORESIST
valid_ic_006_60,MEASURE VIA CD,DEPOSIT BARRIER METAL,DEVELOP PHOTORESIST,SOFT BAKE,SPIN COAT PHOTORESIST
valid_ic_006_80,DEVELOP PHOTORESIST,DEVELOP PAD WINDOW,SOFT BAKE,SPIN COAT PHOTORESIST,STRIP RESIST
valid_ic_007_60,STRIP RESIST,STRIP PHOTORESIST,DEVELOP PHOTORESIST,SOFT BAKE,SPIN COAT PHOTORESIST
valid_ic_007_80,OPEN BOND PAD WINDOW,OPEN PAD WINDOW,DEVELOP PHOTORESIST,SOFT BAKE,SPIN COAT PHOTORESIST
valid_ic_008_60,MEASURE VIA CD,DEPOSIT BARRIER METAL,DEVELOP PHOTORESIST,SOFT BAKE,SPIN COAT PHOTORESIST
valid_ic_008_80,DEVELOP PHOTORESIST,DEVELOP PAD WINDOW,SOFT BAKE,SPIN COAT PHOTORESIST,STRIP RESIST
valid_ic_009_60,CLEAN AFTER VIA ETCH,CLEAN PAD OPENING,CLEAN AFTER POLY ETCH,CLEAN AFTER METAL ETCH,CLEAN AFTER ETCH
valid_ic_009_80,OPEN PAD WINDOW LITHO,PAD WINDOW LITHO,DEVELOP PHOTORESIST,SOFT BAKE,SPIN COAT PHOTORESIST
valid_ic_010_60,CLEAN AFTER VIA ETCH,CLEAN PAD OPENING,CLEAN AFTER POLY ETCH,CLEAN AFTER METAL ETCH,CLEAN AFTER ETCH
valid_ic_010_80,OPEN BOND PAD WINDOW,OPEN PAD WINDOW,DEVELOP PHOTORESIST,SOFT BAKE,SPIN COAT PHOTORESIST
valid_ic_011_60,MEASURE VIA CD,DEPOSIT BARRIER METAL,DEVELOP PHOTORESIST,SOFT BAKE,SPIN COAT PHOTORESIST
valid_ic_011_80,OPEN BOND PAD WINDOW,OPEN PAD WINDOW,DEVELOP PHOTORESIST,SOFT BAKE,SPIN COAT PHOTORESIST
valid_ic_012_60,CLEAN AFTER VIA ETCH,CLEAN AFTER METAL ETCH,CLEAN PAD OPENING,CLEAN AFTER POLY ETCH,CLEAN AFTER ETCH
valid_ic_012_80,OPEN BOND PAD WINDOW,OPEN PAD WINDOW,DEVELOP PHOTORESIST,SOFT BAKE,SPIN COAT PHOTORESIST
valid_ic_013_60,DEPOSIT BARRIER METAL,DEVELOP PHOTORESIST,SOFT BAKE,SPIN COAT PHOTORESIST,STRIP RESIST
valid_ic_013_80,DEVELOP PHOTORESIST,DEVELOP PAD WINDOW,SOFT BAKE,SPIN COAT PHOTORESIST,STRIP RESIST
valid_ic_014_60,STRIP PHOTORESIST,STRIP RESIST,DEVELOP PHOTORESIST,SOFT BAKE,SPIN COAT PHOTORESIST
valid_ic_014_80,OPEN BOND PAD WINDOW,OPEN PAD WINDOW,DEVELOP PHOTORESIST,SOFT BAKE,SPIN COAT PHOTORESIST
valid_ic_015_60,CLEAN AFTER VIA ETCH,CLEAN AFTER METAL ETCH,CLEAN PAD OPENING,CLEAN AFTER POLY ETCH,CLEAN AFTER ETCH
valid_ic_015_80,OPEN BOND PAD WINDOW,OPEN PAD WINDOW,DEVELOP PHOTORESIST,SOFT BAKE,SPIN COAT PHOTORESIST
valid_ic_016_60,STRIP PHOTORESIST,STRIP RESIST,DEVELOP PHOTORESIST,SOFT BAKE,SPIN COAT PHOTORESIST
valid_ic_016_80,MEASURE PASSIVATION THICKNESS,MEASURE PASSIVATION QUALITY,DEVELOP PHOTORESIST,SOFT BAKE,SPIN COAT PHOTORESIST
valid_ic_017_60,CLEAN AFTER VIA ETCH,CLEAN PAD OPENING,CLEAN AFTER POLY ETCH,CLEAN AFTER METAL ETCH,CLEAN AFTER ETCH
valid_ic_017_80,OPEN BOND PAD WINDOW,OPEN PAD WINDOW,DEVELOP PHOTORESIST,SOFT BAKE,SPIN COAT PHOTORESIST
valid_ic_018_60,STRIP RESIST,STRIP PHOTORESIST,DEVELOP PHOTORESIST,SOFT BAKE,SPIN COAT PHOTORESIST
valid_ic_018_80,OPEN BOND PAD WINDOW,OPEN PAD WINDOW,DEVELOP PHOTORESIST,SOFT BAKE,SPIN COAT PHOTORESIST
valid_ic_019_60,MEASURE VIA CD,DEPOSIT BARRIER METAL,DEVELOP PHOTORESIST,SOFT BAKE,SPIN COAT PHOTORESIST
valid_ic_019_80,PAD WINDOW LITHO,OPEN PAD WINDOW LITHO,DEVELOP PHOTORESIST,SOFT BAKE,SPIN COAT PHOTORESIST
valid_ic_020_60,STRIP RESIST,STRIP PHOTORESIST,DEVELOP PHOTORESIST,SOFT BAKE,SPIN COAT PHOTORESIST
valid_ic_020_80,OPEN BOND PAD WINDOW,OPEN PAD WINDOW,DEVELOP PHOTORESIST,SOFT BAKE,SPIN COAT PHOTORESIST
valid_ic_021_60,CLEAN AFTER VIA ETCH,CLEAN AFTER METAL ETCH,CLEAN PAD OPENING,CLEAN AFTER POLY ETCH,CLEAN AFTER ETCH
valid_ic_021_80,PAD WINDOW LITHO,OPEN PAD WINDOW LITHO,DEVELOP PHOTORESIST,SOFT BAKE,SPIN COAT PHOTORESIST
valid_ic_022_60,CLEAN AFTER VIA ETCH,CLEAN PAD OPENING,CLEAN AFTER POLY ETCH,CLEAN AFTER METAL ETCH,CLEAN AFTER ETCH
valid_ic_022_80,DEVELOP PHOTORESIST,DEVELOP PAD WINDOW,SOFT BAKE,SPIN COAT PHOTORESIST,STRIP RESIST
valid_ic_023_60,CLEAN AFTER VIA ETCH,CLEAN AFTER METAL ETCH,CLEAN PAD OPENING,CLEAN AFTER POLY ETCH,CLEAN AFTER ETCH
valid_ic_023_80,OPEN BOND PAD WINDOW,OPEN PAD WINDOW,DEVELOP PHOTORESIST,SOFT BAKE,SPIN COAT PHOTORESIST
valid_ic_024_60,MEASURE VIA CD,DEPOSIT BARRIER METAL,DEVELOP PHOTORESIST,SOFT BAKE,SPIN COAT PHOTORESIST
valid_ic_024_80,PAD WINDOW LITHO,OPEN PAD WINDOW LITHO,DEVELOP PHOTORESIST,SOFT BAKE,SPIN COAT PHOTORESIST
valid_ic_025_60,STRIP PHOTORESIST,STRIP RESIST,DEVELOP PHOTORESIST,SOFT BAKE,SPIN COAT PHOTORESIST
valid_ic_025_80,OPEN BOND PAD WINDOW,OPEN PAD WINDOW,DEVELOP PHOTORESIST,SOFT BAKE,SPIN COAT PHOTORESIST
valid_ic_026_60,CLEAN AFTER VIA ETCH,CLEAN AFTER METAL ETCH,CLEAN PAD OPENING,CLEAN AFTER POLY ETCH,CLEAN AFTER ETCH
valid_ic_026_80,PAD WINDOW LITHO,OPEN PAD WINDOW LITHO,DEVELOP PHOTORESIST,SOFT BAKE,SPIN COAT PHOTORESIST
valid_ic_027_60,STRIP RESIST,STRIP PHOTORESIST,DEVELOP PHOTORESIST,SOFT BAKE,SPIN COAT PHOTORESIST
valid_ic_027_80,PAD WINDOW LITHO,OPEN PAD WINDOW LITHO,DEVELOP PHOTORESIST,SOFT BAKE,SPIN COAT PHOTORESIST
valid_ic_028_60,CLEAN AFTER VIA ETCH,CLEAN PAD OPENING,CLEAN AFTER POLY ETCH,CLEAN AFTER METAL ETCH,CLEAN AFTER ETCH
valid_ic_028_80,DEVELOP PAD WINDOW,DEVELOP PHOTORESIST,SOFT BAKE,SPIN COAT PHOTORESIST,STRIP RESIST
valid_ic_029_60,STRIP RESIST,STRIP PHOTORESIST,DEVELOP PHOTORESIST,SOFT BAKE,SPIN COAT PHOTORESIST
valid_ic_029_80,PAD WINDOW LITHO,OPEN PAD WINDOW LITHO,DEVELOP PHOTORESIST,SOFT BAKE,SPIN COAT PHOTORESIST
valid_ic_030_60,MEASURE VIA CD,DEPOSIT BARRIER METAL,DEVELOP PHOTORESIST,SOFT BAKE,SPIN COAT PHOTORESIST
valid_ic_030_80,PAD WINDOW LITHO,OPEN PAD WINDOW LITHO,DEVELOP PHOTORESIST,SOFT BAKE,SPIN COAT PHOTORESIST
valid_ic_031_60,MEASURE VIA CD,DEPOSIT BARRIER METAL,DEVELOP PHOTORESIST,SOFT BAKE,SPIN COAT PHOTORESIST
valid_ic_031_80,DEVELOP PAD WINDOW,DEVELOP PHOTORESIST,SOFT BAKE,SPIN COAT PHOTORESIST,STRIP RESIST
valid_ic_032_60,CLEAN AFTER VIA ETCH,CLEAN AFTER METAL ETCH,CLEAN PAD OPENING,CLEAN AFTER POLY ETCH,CLEAN AFTER ETCH
valid_ic_032_80,DEVELOP PAD WINDOW,DEVELOP PHOTORESIST,SOFT BAKE,SPIN COAT PHOTORESIST,STRIP RESIST
valid_ic_033_60,MEASURE VIA CD,DEPOSIT BARRIER METAL,DEVELOP PHOTORESIST,SOFT BAKE,SPIN COAT PHOTORESIST
valid_ic_033_80,DEVELOP PHOTORESIST,DEVELOP PAD WINDOW,SOFT BAKE,SPIN COAT PHOTORESIST,STRIP RESIST
valid_ic_034_60,MEASURE VIA CD,DEPOSIT BARRIER METAL,DEVELOP PHOTORESIST,SOFT BAKE,SPIN COAT PHOTORESIST
valid_ic_034_80,OPEN BOND PAD WINDOW,OPEN PAD WINDOW,DEVELOP PHOTORESIST,SOFT BAKE,SPIN COAT PHOTORESIST
valid_ic_035_60,MEASURE VIA CD,DEPOSIT BARRIER METAL,DEVELOP PHOTORESIST,SOFT BAKE,SPIN COAT PHOTORESIST
valid_ic_035_80,PASSIVATION ETCH,PASSIVATION ETCH PAD OPENING,DEVELOP PHOTORESIST,SOFT BAKE,SPIN COAT PHOTORESIST
valid_ic_036_60,MEASURE VIA CD,DEPOSIT BARRIER METAL,DEVELOP PHOTORESIST,SOFT BAKE,SPIN COAT PHOTORESIST
valid_ic_036_80,DEVELOP PAD WINDOW,DEVELOP PHOTORESIST,SOFT BAKE,SPIN COAT PHOTORESIST,STRIP RESIST
valid_ic_037_60,CLEAN AFTER VIA ETCH,CLEAN AFTER METAL ETCH,CLEAN PAD OPENING,CLEAN AFTER POLY ETCH,CLEAN AFTER ETCH
valid_ic_037_80,PAD WINDOW LITHO,OPEN PAD WINDOW LITHO,DEVELOP PHOTORESIST,SOFT BAKE,SPIN COAT PHOTORESIST
valid_ic_038_60,MEASURE VIA CD,DEPOSIT BARRIER METAL,DEVELOP PHOTORESIST,SOFT BAKE,SPIN COAT PHOTORESIST
valid_ic_038_80,PASSIVATION ETCH,PASSIVATION ETCH PAD OPENING,DEVELOP PHOTORESIST,SOFT BAKE,SPIN COAT PHOTORESIST
valid_ic_039_60,STRIP RESIST,STRIP PHOTORESIST,DEVELOP PHOTORESIST,SOFT BAKE,SPIN COAT PHOTORESIST
valid_ic_039_80,MEASURE PASSIVATION QUALITY,MEASURE PASSIVATION THICKNESS,DEVELOP PHOTORESIST,SOFT BAKE,SPIN COAT PHOTORESIST
valid_ic_040_60,CLEAN AFTER VIA ETCH,CLEAN AFTER METAL ETCH,CLEAN PAD OPENING,CLEAN AFTER POLY ETCH,CLEAN AFTER ETCH
valid_ic_040_80,PAD WINDOW LITHO,OPEN PAD WINDOW LITHO,DEVELOP PHOTORESIST,SOFT BAKE,SPIN COAT PHOTORESIST
valid_ic_041_60,MEASURE VIA CD,DEPOSIT BARRIER METAL,DEVELOP PHOTORESIST,SOFT BAKE,SPIN COAT PHOTORESIST
valid_ic_041_80,PASSIVATION ETCH PAD OPENING,PASSIVATION ETCH,METAL PATTERN INSPECTION,POLY PATTERN INSPECTION,PATTERN INSPECTION LEVEL 1
valid_ic_042_60,STRIP PHOTORESIST,STRIP RESIST,DEVELOP PHOTORESIST,SOFT BAKE,SPIN COAT PHOTORESIST
valid_ic_042_80,PAD WINDOW LITHO,OPEN PAD WINDOW LITHO,DEVELOP PHOTORESIST,SOFT BAKE,SPIN COAT PHOTORESIST
valid_ic_043_60,DEPOSIT BARRIER METAL,DEVELOP PHOTORESIST,SOFT BAKE,SPIN COAT PHOTORESIST,STRIP RESIST
valid_ic_043_80,DEVELOP PHOTORESIST,DEVELOP PAD WINDOW,SOFT BAKE,SPIN COAT PHOTORESIST,STRIP RESIST
valid_ic_044_60,MEASURE VIA CD,DEPOSIT BARRIER METAL,DEVELOP PHOTORESIST,SOFT BAKE,SPIN COAT PHOTORESIST
valid_ic_044_80,PASSIVATION ETCH,PASSIVATION ETCH PAD OPENING,DEVELOP PHOTORESIST,SOFT BAKE,SPIN COAT PHOTORESIST
valid_ic_045_60,MEASURE VIA CD,DEPOSIT BARRIER METAL,DEVELOP PHOTORESIST,SOFT BAKE,SPIN COAT PHOTORESIST
valid_ic_045_80,OPEN BOND PAD WINDOW,OPEN PAD WINDOW,DEVELOP PHOTORESIST,SOFT BAKE,SPIN COAT PHOTORESIST
valid_ic_046_60,DEPOSIT METAL SEED,DEPOSIT TUNGSTEN SEED,DEVELOP PHOTORESIST,SOFT BAKE,SPIN COAT PHOTORESIST
valid_ic_046_80,STRIP RESIST,STRIP PHOTORESIST,DEVELOP PHOTORESIST,SOFT BAKE,SPIN COAT PHOTORESIST
valid_ic_047_60,DEPOSIT METAL SEED,DEPOSIT TUNGSTEN SEED,DEVELOP PHOTORESIST,SOFT BAKE,SPIN COAT PHOTORESIST
valid_ic_047_80,DEVELOP PHOTORESIST,DEVELOP PAD WINDOW,SOFT BAKE,SPIN COAT PHOTORESIST,STRIP RESIST
valid_ic_048_60,DIELECTRIC ETCH VIA,VIA ETCH THROUGH DIELECTRIC,VIA ETCH,OXIDE ETCH DRY,OXIDE ETCH
valid_ic_048_80,MEASURE PASSIVATION QUALITY,MEASURE PASSIVATION THICKNESS,DEVELOP PHOTORESIST,SOFT BAKE,SPIN COAT PHOTORESIST
valid_ic_049_60,CLEAN AFTER VIA ETCH,CLEAN AFTER METAL ETCH,CLEAN PAD OPENING,CLEAN AFTER POLY ETCH,CLEAN AFTER ETCH
valid_ic_049_80,OPEN PAD WINDOW LITHO,PAD WINDOW LITHO,DEVELOP PHOTORESIST,SOFT BAKE,SPIN COAT PHOTORESIST
valid_ic_050_60,MEASURE VIA CD,DEPOSIT BARRIER METAL,DEVELOP PHOTORESIST,SOFT BAKE,SPIN COAT PHOTORESIST
valid_ic_050_80,DEVELOP PHOTORESIST,DEVELOP PAD WINDOW,SOFT BAKE,SPIN COAT PHOTORESIST,STRIP RESIST
valid_ic_051_60,CLEAN AFTER VIA ETCH,CLEAN AFTER METAL ETCH,CLEAN PAD OPENING,CLEAN AFTER POLY ETCH,CLEAN AFTER ETCH
valid_ic_051_80,PAD WINDOW LITHO,OPEN PAD WINDOW LITHO,DEVELOP PHOTORESIST,SOFT BAKE,SPIN COAT PHOTORESIST
valid_ic_052_60,CLEAN AFTER VIA ETCH,CLEAN AFTER METAL ETCH,CLEAN PAD OPENING,CLEAN AFTER POLY ETCH,CLEAN AFTER ETCH
valid_ic_052_80,OPEN PAD WINDOW LITHO,PAD WINDOW LITHO,DEVELOP PHOTORESIST,SOFT BAKE,SPIN COAT PHOTORESIST
valid_ic_053_60,CLEAN AFTER VIA ETCH,CLEAN PAD OPENING,CLEAN AFTER POLY ETCH,CLEAN AFTER METAL ETCH,CLEAN AFTER ETCH
valid_ic_053_80,PAD WINDOW LITHO,OPEN PAD WINDOW LITHO,DEVELOP PHOTORESIST,SOFT BAKE,SPIN COAT PHOTORESIST
valid_ic_054_60,HARD BAKE,VIA ETCH THROUGH DIELECTRIC,VIA ETCH,DIELECTRIC ETCH VIA,DEVELOP PHOTORESIST
valid_ic_054_80,PAD WINDOW LITHO,OPEN PAD WINDOW LITHO,DEVELOP PHOTORESIST,SOFT BAKE,SPIN COAT PHOTORESIST
valid_ic_055_60,MEASURE VIA CD,DEPOSIT BARRIER METAL,DEVELOP PHOTORESIST,SOFT BAKE,SPIN COAT PHOTORESIST
valid_ic_055_80,DEVELOP PHOTORESIST,DEVELOP PAD WINDOW,SOFT BAKE,SPIN COAT PHOTORESIST,STRIP RESIST
valid_ic_056_60,MEASURE VIA CD,DEPOSIT BARRIER METAL,DEVELOP PHOTORESIST,SOFT BAKE,SPIN COAT PHOTORESIST
valid_ic_056_80,OPEN BOND PAD WINDOW,OPEN PAD WINDOW,DEVELOP PHOTORESIST,SOFT BAKE,SPIN COAT PHOTORESIST
valid_ic_057_60,MEASURE VIA CD,DEPOSIT BARRIER METAL,DEVELOP PHOTORESIST,SOFT BAKE,SPIN COAT PHOTORESIST
valid_ic_057_80,DEVELOP PHOTORESIST,DEVELOP PAD WINDOW,SOFT BAKE,SPIN COAT PHOTORESIST,STRIP RESIST
valid_ic_058_60,CLEAN AFTER VIA ETCH,CLEAN AFTER METAL ETCH,CLEAN PAD OPENING,CLEAN AFTER POLY ETCH,CLEAN AFTER ETCH
valid_ic_058_80,PAD WINDOW LITHO,OPEN PAD WINDOW LITHO,DEVELOP PHOTORESIST,SOFT BAKE,SPIN COAT PHOTORESIST
valid_ic_059_60,STRIP RESIST,STRIP PHOTORESIST,DEVELOP PHOTORESIST,SOFT BAKE,SPIN COAT PHOTORESIST
valid_ic_059_80,OPEN BOND PAD WINDOW,OPEN PAD WINDOW,DEVELOP PHOTORESIST,SOFT BAKE,SPIN COAT PHOTORESIST
valid_ic_060_60,MEASURE VIA CD,DEPOSIT BARRIER METAL,DEVELOP PHOTORESIST,SOFT BAKE,SPIN COAT PHOTORESIST
valid_ic_060_80,PAD WINDOW LITHO,OPEN PAD WINDOW LITHO,DEVELOP PHOTORESIST,SOFT BAKE,SPIN COAT PHOTORESIST
valid_ic_061_60,MEASURE VIA CD,DEPOSIT BARRIER METAL,DEVELOP PHOTORESIST,SOFT BAKE,SPIN COAT PHOTORESIST
valid_ic_061_80,DEVELOP PHOTORESIST,DEVELOP PAD WINDOW,SOFT BAKE,SPIN COAT PHOTORESIST,STRIP RESIST
valid_ic_062_60,MEASURE VIA CD,DEPOSIT BARRIER METAL,DEVELOP PHOTORESIST,SOFT BAKE,SPIN COAT PHOTORESIST
valid_ic_062_80,PAD WINDOW LITHO,OPEN PAD WINDOW LITHO,DEVELOP PHOTORESIST,SOFT BAKE,SPIN COAT PHOTORESIST
valid_ic_063_60,STRIP PHOTORESIST,STRIP RESIST,DEVELOP PHOTORESIST,SOFT BAKE,SPIN COAT PHOTORESIST
valid_ic_063_80,OPEN BOND PAD WINDOW,OPEN PAD WINDOW,DEVELOP PHOTORESIST,SOFT BAKE,SPIN COAT PHOTORESIST
valid_ic_064_60,STRIP PHOTORESIST,STRIP RESIST,DEVELOP PHOTORESIST,SOFT BAKE,SPIN COAT PHOTORESIST
valid_ic_064_80,OPEN BOND PAD WINDOW,OPEN PAD WINDOW,DEVELOP PHOTORESIST,SOFT BAKE,SPIN COAT PHOTORESIST
valid_ic_065_60,HARD BAKE,VIA ETCH THROUGH DIELECTRIC,VIA ETCH,DIELECTRIC ETCH VIA,DEVELOP PHOTORESIST
valid_ic_065_80,DEVELOP PAD WINDOW,DEVELOP PHOTORESIST,SOFT BAKE,SPIN COAT PHOTORESIST,STRIP RESIST
valid_ic_066_60,MEASURE VIA CD,DEPOSIT BARRIER METAL,DEVELOP PHOTORESIST,SOFT BAKE,SPIN COAT PHOTORESIST
valid_ic_066_80,PASSIVATION ETCH,PASSIVATION ETCH PAD OPENING,DEVELOP PHOTORESIST,SOFT BAKE,SPIN COAT PHOTORESIST
valid_ic_067_60,DEPOSIT BARRIER METAL,DEVELOP PHOTORESIST,SOFT BAKE,SPIN COAT PHOTORESIST,STRIP RESIST
valid_ic_067_80,DEVELOP PHOTORESIST,DEVELOP PAD WINDOW,SOFT BAKE,SPIN COAT PHOTORESIST,STRIP RESIST
valid_ic_068_60,MEASURE VIA CD,DEPOSIT BARRIER METAL,DEVELOP PHOTORESIST,SOFT BAKE,SPIN COAT PHOTORESIST
valid_ic_068_80,DEVELOP PHOTORESIST,DEVELOP PAD WINDOW,SOFT BAKE,SPIN COAT PHOTORESIST,STRIP RESIST
valid_ic_069_60,MEASURE VIA CD,DEPOSIT BARRIER METAL,DEVELOP PHOTORESIST,SOFT BAKE,SPIN COAT PHOTORESIST
valid_ic_069_80,DEVELOP PHOTORESIST,DEVELOP PAD WINDOW,SOFT BAKE,SPIN COAT PHOTORESIST,STRIP RESIST
valid_ic_070_60,MEASURE VIA CD,DEPOSIT BARRIER METAL,DEVELOP PHOTORESIST,SOFT BAKE,SPIN COAT PHOTORESIST
valid_ic_070_80,OPEN PAD WINDOW LITHO,PAD WINDOW LITHO,DEVELOP PHOTORESIST,SOFT BAKE,SPIN COAT PHOTORESIST
valid_ic_071_60,MEASURE VIA CD,DEPOSIT BARRIER METAL,DEVELOP PHOTORESIST,SOFT BAKE,SPIN COAT PHOTORESIST
valid_ic_071_80,PAD WINDOW LITHO,OPEN PAD WINDOW LITHO,DEVELOP PHOTORESIST,SOFT BAKE,SPIN COAT PHOTORESIST
valid_ic_072_60,DEPOSIT BARRIER METAL,DEVELOP PHOTORESIST,SOFT BAKE,SPIN COAT PHOTORESIST,STRIP RESIST
valid_ic_072_80,OPEN BOND PAD WINDOW,OPEN PAD WINDOW,DEVELOP PHOTORESIST,SOFT BAKE,SPIN COAT PHOTORESIST
valid_ic_073_60,MEASURE VIA CD,DEPOSIT BARRIER METAL,DEVELOP PHOTORESIST,SOFT BAKE,SPIN COAT PHOTORESIST
valid_ic_073_80,DEVELOP PHOTORESIST,DEVELOP PAD WINDOW,SOFT BAKE,SPIN COAT PHOTORESIST,STRIP RESIST
valid_ic_074_60,STRIP RESIST,STRIP PHOTORESIST,DEVELOP PHOTORESIST,SOFT BAKE,SPIN COAT PHOTORESIST
valid_ic_074_80,MEASURE PASSIVATION THICKNESS,MEASURE PASSIVATION QUALITY,DEVELOP PHOTORESIST,SOFT BAKE,SPIN COAT PHOTORESIST
valid_ic_075_60,DEPOSIT METAL SEED,DEPOSIT TUNGSTEN SEED,DEVELOP PHOTORESIST,SOFT BAKE,SPIN COAT PHOTORESIST
valid_ic_075_80,PAD WINDOW LITHO,OPEN PAD WINDOW LITHO,DEVELOP PHOTORESIST,SOFT BAKE,SPIN COAT PHOTORESIST
valid_ic_076_60,STRIP RESIST,STRIP PHOTORESIST,DEVELOP PHOTORESIST,SOFT BAKE,SPIN COAT PHOTORESIST
valid_ic_076_80,PAD WINDOW LITHO,OPEN PAD WINDOW LITHO,DEVELOP PHOTORESIST,SOFT BAKE,SPIN COAT PHOTORESIST
valid_ic_077_60,MEASURE VIA CD,DEPOSIT BARRIER METAL,DEVELOP PHOTORESIST,SOFT BAKE,SPIN COAT PHOTORESIST
valid_ic_077_80,DEVELOP PAD WINDOW,DEVELOP PHOTORESIST,SOFT BAKE,SPIN COAT PHOTORESIST,STRIP RESIST
valid_ic_078_60,CLEAN AFTER VIA ETCH,CLEAN PAD OPENING,CLEAN AFTER POLY ETCH,CLEAN AFTER METAL ETCH,CLEAN AFTER ETCH
valid_ic_078_80,OPEN PAD WINDOW LITHO,PAD WINDOW LITHO,DEVELOP PHOTORESIST,SOFT BAKE,SPIN COAT PHOTORESIST
valid_ic_079_60,FILL VIA TUNGSTEN,DEVELOP PHOTORESIST,SOFT BAKE,SPIN COAT PHOTORESIST,STRIP RESIST
valid_ic_079_80,PASSIVATION ETCH PAD OPENING,PASSIVATION ETCH,METAL PATTERN INSPECTION,POLY PATTERN INSPECTION,PATTERN INSPECTION LEVEL 1
valid_ic_080_60,STRIP RESIST,STRIP PHOTORESIST,DEVELOP PHOTORESIST,SOFT BAKE,SPIN COAT PHOTORESIST
valid_ic_080_80,PAD WINDOW LITHO,OPEN PAD WINDOW LITHO,DEVELOP PHOTORESIST,SOFT BAKE,SPIN COAT PHOTORESIST
valid_ic_081_60,MEASURE VIA CD,DEPOSIT BARRIER METAL,DEVELOP PHOTORESIST,SOFT BAKE,SPIN COAT PHOTORESIST
valid_ic_081_80,PAD WINDOW LITHO,OPEN PAD WINDOW LITHO,DEVELOP PHOTORESIST,SOFT BAKE,SPIN COAT PHOTORESIST
valid_ic_082_60,CLEAN AFTER VIA ETCH,CLEAN AFTER METAL ETCH,CLEAN PAD OPENING,CLEAN AFTER POLY ETCH,CLEAN AFTER ETCH
valid_ic_082_80,DEVELOP PAD WINDOW,DEVELOP PHOTORESIST,SOFT BAKE,SPIN COAT PHOTORESIST,STRIP RESIST
valid_ic_083_60,STRIP RESIST,STRIP PHOTORESIST,DEVELOP PHOTORESIST,SOFT BAKE,SPIN COAT PHOTORESIST
valid_ic_083_80,OPEN BOND PAD WINDOW,OPEN PAD WINDOW,DEVELOP PHOTORESIST,SOFT BAKE,SPIN COAT PHOTORESIST
valid_ic_084_60,CLEAN AFTER VIA ETCH,CLEAN PAD OPENING,CLEAN AFTER POLY ETCH,CLEAN AFTER METAL ETCH,CLEAN AFTER ETCH
valid_ic_084_80,DEVELOP PHOTORESIST,DEVELOP PAD WINDOW,SOFT BAKE,SPIN COAT PHOTORESIST,STRIP RESIST
valid_ic_085_60,CLEAN AFTER VIA ETCH,CLEAN AFTER METAL ETCH,CLEAN PAD OPENING,CLEAN AFTER POLY ETCH,CLEAN AFTER ETCH
valid_ic_085_80,PAD WINDOW LITHO,OPEN PAD WINDOW LITHO,DEVELOP PHOTORESIST,SOFT BAKE,SPIN COAT PHOTORESIST
valid_ic_086_60,CLEAN AFTER VIA ETCH,CLEAN AFTER METAL ETCH,CLEAN PAD OPENING,CLEAN AFTER POLY ETCH,CLEAN AFTER ETCH
valid_ic_086_80,PAD WINDOW LITHO,OPEN PAD WINDOW LITHO,DEVELOP PHOTORESIST,SOFT BAKE,SPIN COAT PHOTORESIST
valid_ic_087_60,DEPOSIT BARRIER METAL,DEVELOP PHOTORESIST,SOFT BAKE,SPIN COAT PHOTORESIST,STRIP RESIST
valid_ic_087_80,DEVELOP PHOTORESIST,DEVELOP PAD WINDOW,SOFT BAKE,SPIN COAT PHOTORESIST,STRIP RESIST
valid_ic_088_60,STRIP PHOTORESIST,STRIP RESIST,DEVELOP PHOTORESIST,SOFT BAKE,SPIN COAT PHOTORESIST
valid_ic_088_80,PAD WINDOW LITHO,OPEN PAD WINDOW LITHO,DEVELOP PHOTORESIST,SOFT BAKE,SPIN COAT PHOTORESIST
valid_ic_089_60,DEPOSIT METAL SEED,DEPOSIT TUNGSTEN SEED,DEVELOP PHOTORESIST,SOFT BAKE,SPIN COAT PHOTORESIST
valid_ic_089_80,DEVELOP PAD WINDOW,DEVELOP PHOTORESIST,SOFT BAKE,SPIN COAT PHOTORESIST,STRIP RESIST
valid_ic_090_60,STRIP PHOTORESIST,STRIP RESIST,DEVELOP PHOTORESIST,SOFT BAKE,SPIN COAT PHOTORESIST
valid_ic_090_80,CURE PASSIVATION,DEVELOP PHOTORESIST,SOFT BAKE,SPIN COAT PHOTORESIST,STRIP RESIST
valid_ic_091_60,MEASURE VIA CD,DEPOSIT BARRIER METAL,DEVELOP PHOTORESIST,SOFT BAKE,SPIN COAT PHOTORESIST
valid_ic_091_80,DEVELOP PHOTORESIST,DEVELOP PAD WINDOW,SOFT BAKE,SPIN COAT PHOTORESIST,STRIP RESIST
valid_ic_092_60,CLEAN AFTER VIA ETCH,CLEAN PAD OPENING,CLEAN AFTER POLY ETCH,CLEAN AFTER METAL ETCH,CLEAN AFTER ETCH
valid_ic_092_80,OPEN BOND PAD WINDOW,OPEN PAD WINDOW,DEVELOP PHOTORESIST,SOFT BAKE,SPIN COAT PHOTORESIST
valid_ic_093_60,MEASURE VIA CD,DEPOSIT BARRIER METAL,DEVELOP PHOTORESIST,SOFT BAKE,SPIN COAT PHOTORESIST
valid_ic_093_80,DEVELOP PAD WINDOW,DEVELOP PHOTORESIST,SOFT BAKE,SPIN COAT PHOTORESIST,STRIP RESIST
valid_ic_094_60,CLEAN AFTER VIA ETCH,CLEAN AFTER METAL ETCH,CLEAN PAD OPENING,CLEAN AFTER POLY ETCH,CLEAN AFTER ETCH
valid_ic_094_80,DEVELOP PAD WINDOW,DEVELOP PHOTORESIST,SOFT BAKE,SPIN COAT PHOTORESIST,STRIP RESIST
valid_ic_095_60,CLEAN AFTER VIA ETCH,CLEAN AFTER METAL ETCH,CLEAN PAD OPENING,CLEAN AFTER POLY ETCH,CLEAN AFTER ETCH
valid_ic_095_80,PAD WINDOW LITHO,OPEN PAD WINDOW LITHO,DEVELOP PHOTORESIST,SOFT BAKE,SPIN COAT PHOTORESIST
valid_ic_096_60,MEASURE VIA CD,DEPOSIT BARRIER METAL,DEVELOP PHOTORESIST,SOFT BAKE,SPIN COAT PHOTORESIST
valid_ic_096_80,DEVELOP PHOTORESIST,DEVELOP PAD WINDOW,SOFT BAKE,SPIN COAT PHOTORESIST,STRIP RESIST
valid_ic_097_60,STRIP PHOTORESIST,STRIP RESIST,DEVELOP PHOTORESIST,SOFT BAKE,SPIN COAT PHOTORESIST
valid_ic_097_80,PAD WINDOW LITHO,OPEN PAD WINDOW LITHO,DEVELOP PHOTORESIST,SOFT BAKE,SPIN COAT PHOTORESIST
valid_ic_098_60,MEASURE VIA CD,DEPOSIT BARRIER METAL,DEVELOP PHOTORESIST,SOFT BAKE,SPIN COAT PHOTORESIST
valid_ic_098_80,DEVELOP PAD WINDOW,DEVELOP PHOTORESIST,SOFT BAKE,SPIN COAT PHOTORESIST,STRIP RESIST
valid_ic_099_60,DEPOSIT BARRIER METAL,DEVELOP PHOTORESIST,SOFT BAKE,SPIN COAT PHOTORESIST,STRIP RESIST
valid_ic_099_80,OPEN BOND PAD WINDOW,OPEN PAD WINDOW,DEVELOP PHOTORESIST,SOFT BAKE,SPIN COAT PHOTORESIST
